llr, words, chars, wd_len_agg, capitals, quantifiers, sw, begins_with_sw, has_diag, abs, has_quotations, has_parenthesis, has_colon, has_dash, has_semicolon, nouns, verbs, adj, adv, has_comp, has_super, has_pp, label
11.739718420098862, 7, 52, 6.428571428571429, 1, 0, 2, 0, 0, 2, 1, 0, 0, 0, 0, 3, 1, 1, 0, 0, 0, 0, 1
9.459891321288566, 9, 54, 5.0, 1, 0, 5, 0, 0, 1, 0, 0, 0, 0, 0, 3, 1, 0, 1, 0, 0, 0, 1
9.33821693830182, 6, 29, 3.8333333333333335, 1, 0, 2, 0, 0, 2, 0, 0, 0, 0, 0, 3, 1, 0, 0, 0, 0, 1, 1
18.183249439191634, 13, 80, 5.153846153846154, 2, 0, 7, 0, 0, 1, 1, 0, 0, 0, 0, 2, 3, 2, 1, 0, 0, 0, 1
8.004214951238549, 9, 45, 4.111111111111111, 1, 0, 6, 0, 0, 1, 1, 0, 0, 0, 0, 2, 2, 0, 2, 0, 0, 0, 1
11.916485710393447, 14, 96, 5.857142857142857, 1, 0, 6, 0, 0, 1, 1, 0, 0, 1, 0, 7, 1, 1, 0, 0, 0, 0, 1
23.640521804580118, 24, 129, 4.375, 3, 0, 12, 0, 0, 0, 1, 0, 0, 0, 0, 3, 5, 4, 2, 1, 1, 1, 1
11.154695082621897, 8, 39, 3.875, 1, 0, 4, 0, 0, 1, 1, 0, 0, 0, 0, 2, 3, 0, 0, 0, 0, 0, 1
9.447866319054157, 10, 60, 5.0, 1, 0, 5, 0, 0, 1, 0, 0, 0, 0, 0, 3, 1, 2, 0, 0, 1, 0, 1
11.742117552555134, 8, 55, 5.875, 1, 0, 2, 0, 0, 2, 0, 0, 0, 0, 0, 3, 1, 1, 0, 0, 0, 0, 1
8.225332977323262, 12, 63, 4.25, 1, 0, 8, 0, 0, 1, 0, 0, 0, 0, 0, 2, 3, 2, 0, 0, 1, 0, 1
19.904218973972608, 26, 127, 3.8846153846153846, 2, 1, 14, 0, 0, 1, 0, 0, 0, 0, 1, 8, 6, 1, 2, 0, 0, 0, 1
21.977971174778297, 25, 135, 4.4, 2, 1, 13, 0, 0, 3, 0, 0, 0, 0, 0, 7, 6, 0, 0, 0, 0, 0, 1
10.61393200350371, 10, 55, 4.5, 1, 0, 5, 0, 0, 0, 0, 0, 0, 0, 0, 4, 1, 1, 0, 0, 0, 0, 1
12.77876312051383, 15, 73, 3.8666666666666667, 2, 0, 10, 0, 0, 0, 0, 0, 0, 0, 0, 4, 2, 0, 1, 0, 0, 0, 1
7.395049473047641, 7, 38, 4.428571428571429, 1, 0, 4, 0, 0, 0, 0, 0, 0, 0, 0, 2, 1, 1, 0, 0, 0, 0, 1
13.943179340783768, 13, 65, 4.0, 2, 0, 7, 0, 0, 0, 0, 0, 0, 0, 0, 3, 2, 1, 1, 0, 0, 0, 1
17.66787284883477, 12, 70, 4.833333333333333, 2, 0, 6, 0, 0, 1, 0, 0, 0, 0, 0, 2, 2, 2, 1, 0, 0, 0, 1
6.31431862544054, 5, 25, 4.0, 1, 0, 2, 0, 0, 0, 0, 0, 0, 0, 0, 3, 0, 0, 0, 0, 0, 0, 1
11.305104455299892, 11, 60, 4.454545454545454, 1, 0, 5, 0, 0, 2, 0, 0, 0, 0, 0, 5, 1, 0, 1, 0, 0, 0, 1
11.436887420138529, 7, 40, 4.714285714285714, 1, 0, 2, 0, 0, 1, 0, 0, 0, 0, 0, 3, 1, 1, 0, 0, 0, 0, 1
9.641403788679451, 7, 46, 5.571428571428571, 1, 0, 3, 0, 0, 0, 0, 0, 0, 0, 0, 2, 2, 1, 0, 0, 0, 0, 1
10.70799090043334, 5, 36, 6.2, 1, 0, 2, 0, 0, 0, 1, 0, 0, 0, 0, 2, 1, 1, 0, 0, 1, 0, 1
7.8595524291232906, 8, 40, 4.0, 1, 1, 4, 0, 0, 1, 1, 0, 0, 0, 0, 4, 2, 0, 0, 0, 0, 0, 1
7.433156412008651, 5, 28, 4.6, 1, 0, 1, 0, 0, 1, 1, 0, 0, 0, 0, 3, 1, 1, 0, 0, 0, 0, 1
12.535836871494293, 10, 50, 4.0, 1, 0, 6, 0, 0, 1, 0, 0, 0, 0, 0, 2, 1, 2, 1, 0, 1, 0, 1
12.084833818223409, 20, 115, 4.75, 1, 1, 9, 0, 0, 1, 0, 0, 0, 0, 0, 6, 2, 3, 0, 0, 0, 0, 1
26.56291899848425, 42, 193, 3.5952380952380953, 2, 1, 23, 0, 0, 3, 0, 0, 0, 0, 0, 9, 9, 2, 0, 0, 0, 0, 1
12.277772160391136, 24, 127, 4.291666666666667, 1, 1, 13, 0, 0, 1, 0, 0, 0, 0, 0, 6, 4, 3, 0, 0, 0, 0, 1
13.590843152960794, 18, 110, 5.111111111111111, 1, 0, 7, 0, 0, 1, 0, 0, 0, 0, 0, 6, 4, 2, 0, 0, 0, 0, 1
15.920223597089237, 12, 66, 4.5, 2, 0, 5, 0, 0, 0, 0, 0, 0, 0, 0, 3, 3, 1, 0, 0, 0, 0, 1
16.642350275538703, 13, 66, 4.076923076923077, 1, 0, 8, 0, 0, 2, 0, 0, 0, 0, 0, 2, 5, 1, 2, 0, 0, 0, 1
7.30422966977315, 13, 62, 3.769230769230769, 1, 0, 8, 0, 0, 1, 0, 0, 0, 0, 0, 2, 2, 1, 2, 0, 0, 0, 1
21.304981432880933, 27, 163, 5.074074074074074, 1, 1, 12, 0, 0, 1, 0, 0, 0, 0, 0, 9, 3, 1, 1, 0, 0, 0, 1
30.056754488762213, 39, 228, 4.846153846153846, 3, 0, 20, 0, 0, 0, 0, 0, 0, 0, 0, 13, 7, 4, 1, 0, 0, 0, 1
57.14274839303216, 71, 392, 4.52112676056338, 6, 1, 38, 0, 0, 1, 0, 0, 0, 1, 0, 16, 15, 4, 3, 0, 0, 1, 1
29.67877169011484, 24, 122, 4.083333333333333, 4, 0, 14, 0, 0, 0, 0, 0, 0, 0, 0, 7, 3, 0, 2, 0, 0, 0, 1
45.41834148640171, 43, 180, 3.186046511627907, 5, 3, 29, 0, 0, 4, 0, 0, 0, 0, 0, 1, 10, 1, 8, 0, 0, 0, 1
24.096379870954554, 25, 148, 4.92, 2, 0, 12, 0, 0, 1, 0, 0, 0, 0, 0, 6, 5, 3, 2, 0, 0, 0, 1
12.351608189040297, 14, 81, 4.857142857142857, 1, 0, 7, 0, 0, 1, 0, 0, 0, 1, 0, 3, 1, 2, 1, 0, 0, 0, 1
5.482805297849614, 18, 100, 4.555555555555555, 1, 1, 8, 0, 0, 0, 0, 0, 0, 0, 0, 4, 3, 2, 2, 0, 0, 0, 1
7.1872168437723065, 14, 67, 3.7857142857142856, 1, 0, 8, 0, 0, 1, 0, 0, 0, 0, 0, 5, 2, 1, 1, 0, 0, 0, 1
23.220596091077766, 28, 134, 3.7857142857142856, 3, 0, 17, 0, 0, 0, 0, 0, 0, 0, 0, 5, 7, 3, 2, 0, 0, 0, 1
17.825560099531085, 24, 113, 3.7083333333333335, 2, 1, 15, 0, 0, 2, 0, 0, 0, 0, 1, 4, 5, 5, 2, 0, 0, 0, 1
39.528174990255046, 38, 183, 3.8421052631578947, 5, 0, 24, 0, 0, 0, 0, 0, 0, 0, 0, 3, 11, 2, 3, 0, 0, 0, 1
35.783764903048024, 29, 126, 3.3448275862068964, 5, 0, 21, 0, 0, 1, 0, 0, 0, 0, 0, 3, 5, 0, 3, 0, 0, 0, 1
20.127371073271505, 26, 139, 4.346153846153846, 2, 1, 14, 0, 0, 1, 0, 0, 0, 0, 0, 7, 5, 1, 1, 0, 0, 0, 1
11.962311026674668, 33, 161, 3.878787878787879, 1, 0, 19, 0, 0, 0, 0, 0, 0, 0, 0, 6, 4, 5, 5, 0, 0, 0, 1
12.098431943394482, 20, 115, 4.75, 1, 1, 9, 0, 0, 0, 0, 0, 0, 0, 0, 4, 4, 2, 3, 0, 0, 0, 1
13.930845212148094, 17, 87, 4.117647058823529, 1, 2, 9, 0, 0, 0, 0, 0, 0, 0, 1, 5, 2, 1, 1, 0, 0, 0, 1
10.663567475323786, 9, 63, 6.0, 1, 0, 4, 0, 0, 0, 0, 0, 0, 0, 0, 4, 1, 1, 0, 0, 0, 0, 1
18.231377900955742, 19, 111, 4.842105263157895, 1, 0, 9, 0, 0, 2, 0, 0, 0, 0, 0, 5, 4, 1, 0, 0, 0, 0, 1
7.771847606253939, 19, 96, 4.105263157894737, 1, 1, 12, 0, 0, 0, 0, 0, 0, 0, 0, 3, 4, 2, 2, 0, 0, 0, 1
18.535640343527298, 31, 166, 4.354838709677419, 2, 0, 17, 0, 0, 0, 0, 0, 0, 0, 0, 7, 5, 3, 1, 0, 0, 1, 1
14.363955695829873, 38, 177, 3.6578947368421053, 1, 0, 23, 0, 0, 3, 0, 0, 0, 0, 0, 8, 5, 2, 1, 0, 0, 0, 1
24.615404872346648, 40, 208, 4.2, 3, 0, 20, 0, 0, 6, 1, 0, 0, 0, 0, 11, 6, 4, 2, 1, 0, 0, 1
18.213995203304595, 19, 101, 4.315789473684211, 2, 1, 11, 0, 0, 0, 1, 0, 0, 1, 0, 5, 4, 2, 1, 0, 0, 0, 1
11.622489958718171, 15, 86, 4.733333333333333, 1, 0, 7, 0, 0, 1, 1, 0, 0, 0, 0, 5, 3, 1, 1, 0, 1, 0, 1
15.691985283124295, 12, 56, 3.6666666666666665, 2, 1, 7, 0, 0, 0, 1, 0, 0, 0, 0, 3, 3, 0, 1, 0, 0, 0, 1
11.563461285913787, 14, 70, 4.071428571428571, 1, 0, 8, 0, 0, 2, 0, 0, 0, 1, 0, 3, 2, 1, 1, 1, 0, 0, 1
9.964009794329115, 5, 43, 7.6, 1, 0, 1, 0, 0, 1, 0, 0, 0, 0, 0, 2, 1, 1, 0, 0, 0, 0, 1
19.23508592750531, 22, 126, 4.7272727272727275, 2, 0, 9, 0, 0, 1, 0, 0, 0, 0, 0, 8, 4, 1, 1, 0, 0, 0, 1
32.530147342883104, 40, 222, 4.55, 3, 0, 23, 0, 0, 3, 0, 0, 0, 1, 1, 8, 4, 6, 1, 1, 0, 0, 1
38.38792474135408, 57, 272, 3.7719298245614037, 4, 1, 36, 0, 0, 1, 0, 0, 0, 1, 0, 11, 8, 8, 4, 0, 1, 0, 1
8.905808261745173, 20, 101, 4.05, 1, 0, 11, 0, 0, 1, 0, 0, 0, 0, 0, 5, 3, 0, 1, 0, 0, 0, 1
43.6053961764323, 51, 255, 4.0, 5, 0, 30, 0, 0, 1, 0, 0, 0, 0, 0, 7, 8, 6, 4, 0, 1, 0, 1
33.1624758817082, 37, 202, 4.45945945945946, 2, 1, 20, 0, 0, 3, 0, 0, 0, 0, 1, 9, 8, 3, 0, 0, 0, 0, 1
18.552736599157928, 18, 101, 4.611111111111111, 1, 1, 7, 0, 0, 2, 0, 0, 0, 0, 0, 6, 3, 1, 0, 0, 0, 0, 1
11.756874133722917, 16, 94, 4.9375, 2, 0, 9, 0, 0, 0, 0, 0, 0, 0, 0, 4, 4, 0, 2, 0, 0, 0, 1
22.112882792742347, 27, 137, 4.074074074074074, 3, 0, 15, 0, 0, 0, 0, 0, 0, 0, 0, 5, 9, 1, 1, 0, 0, 0, 1
9.239030116100793, 12, 62, 4.166666666666667, 1, 1, 7, 0, 0, 1, 0, 0, 0, 0, 0, 5, 1, 0, 0, 0, 0, 0, 1
20.64100680211934, 21, 96, 3.5714285714285716, 3, 1, 11, 0, 0, 2, 0, 0, 0, 0, 0, 6, 3, 1, 2, 0, 0, 0, 1
8.680651101654682, 8, 41, 4.125, 1, 0, 4, 0, 0, 1, 0, 0, 0, 0, 0, 3, 1, 0, 2, 0, 0, 0, 1
9.70610877732683, 11, 42, 2.8181818181818183, 1, 0, 5, 0, 0, 1, 1, 0, 0, 0, 0, 4, 1, 0, 1, 0, 0, 0, 1
23.03722579540402, 19, 82, 3.3157894736842106, 3, 0, 11, 0, 0, 1, 1, 0, 0, 0, 0, 2, 5, 1, 2, 0, 0, 0, 1
11.194212939553836, 14, 75, 4.357142857142857, 1, 1, 8, 0, 0, 1, 1, 0, 0, 0, 0, 6, 2, 0, 0, 0, 0, 0, 1
38.535645421237085, 47, 244, 4.191489361702128, 3, 0, 29, 0, 0, 3, 1, 0, 0, 0, 0, 11, 6, 1, 6, 1, 0, 0, 1
24.156919756587243, 20, 111, 4.55, 2, 0, 10, 0, 0, 1, 1, 0, 0, 1, 0, 4, 4, 2, 2, 0, 0, 1, 1
28.495139053598084, 24, 120, 4.0, 4, 0, 16, 0, 0, 1, 1, 0, 0, 0, 1, 5, 5, 1, 0, 0, 0, 0, 1
41.44223149311709, 47, 223, 3.74468085106383, 5, 1, 29, 0, 0, 4, 0, 0, 0, 0, 0, 9, 9, 2, 2, 0, 0, 0, 1
13.210984950486178, 20, 103, 4.15, 1, 0, 11, 0, 0, 1, 0, 0, 0, 0, 0, 3, 4, 2, 2, 0, 0, 0, 1
6.111206585810466, 16, 80, 4.0, 1, 1, 8, 0, 0, 1, 0, 0, 0, 0, 0, 4, 3, 0, 2, 0, 0, 0, 1
11.716179796452474, 14, 100, 6.142857142857143, 1, 1, 4, 0, 0, 1, 0, 0, 0, 0, 0, 5, 3, 1, 2, 0, 0, 0, 1
13.117812316220293, 11, 63, 4.7272727272727275, 1, 0, 5, 0, 0, 1, 1, 0, 0, 0, 0, 5, 2, 0, 1, 0, 0, 0, 1
16.58827135802183, 15, 71, 3.7333333333333334, 2, 0, 10, 0, 0, 1, 1, 0, 0, 0, 0, 2, 4, 1, 1, 0, 0, 0, 1
10.357792165206128, 7, 36, 4.142857142857143, 1, 0, 3, 0, 0, 2, 1, 0, 0, 0, 0, 4, 0, 0, 0, 0, 0, 0, 1
13.525386077279485, 10, 63, 5.3, 1, 0, 4, 0, 0, 1, 0, 0, 0, 1, 0, 5, 0, 1, 0, 0, 0, 0, 1
23.395485845644988, 20, 104, 4.2, 2, 0, 8, 0, 0, 3, 0, 0, 0, 0, 0, 7, 3, 2, 0, 0, 0, 0, 1
9.736670125881888, 22, 106, 3.8181818181818183, 1, 0, 12, 0, 0, 1, 0, 0, 0, 0, 0, 4, 4, 1, 3, 0, 0, 0, 1
4.97910500723772, 18, 83, 3.611111111111111, 1, 1, 10, 0, 0, 0, 0, 0, 0, 0, 0, 4, 2, 0, 1, 0, 0, 0, 1
16.7578391243439, 27, 127, 3.7037037037037037, 3, 0, 14, 0, 0, 1, 0, 0, 0, 0, 0, 5, 5, 0, 4, 0, 0, 1, 1
16.121951755288183, 25, 154, 5.16, 1, 0, 12, 0, 0, 2, 0, 0, 0, 1, 0, 9, 3, 1, 1, 0, 0, 0, 1
16.48383371785551, 17, 85, 4.0, 2, 0, 10, 0, 0, 2, 0, 0, 0, 0, 0, 4, 4, 1, 1, 0, 0, 0, 1
11.9929413313922, 13, 59, 3.5384615384615383, 1, 0, 7, 0, 0, 0, 0, 0, 0, 0, 0, 2, 4, 1, 0, 0, 0, 0, 1
7.91125166342089, 12, 64, 4.333333333333333, 1, 0, 8, 0, 0, 1, 0, 0, 0, 0, 0, 3, 2, 1, 0, 0, 0, 0, 1
9.486427559332952, 11, 65, 4.909090909090909, 1, 0, 3, 0, 0, 0, 0, 0, 0, 0, 0, 2, 3, 2, 0, 0, 1, 0, 1
9.201644920649569, 19, 91, 3.789473684210526, 1, 1, 10, 0, 0, 0, 0, 0, 0, 0, 0, 4, 3, 3, 0, 0, 0, 0, 1
6.450380465067238, 14, 85, 5.071428571428571, 1, 0, 8, 0, 0, 0, 0, 0, 0, 0, 0, 3, 4, 0, 0, 0, 0, 0, 1
11.789013366128094, 14, 78, 4.571428571428571, 1, 0, 6, 0, 0, 4, 0, 0, 0, 0, 0, 5, 5, 0, 0, 0, 0, 0, 1
14.636963630823681, 29, 166, 4.724137931034483, 1, 1, 18, 0, 0, 1, 0, 0, 0, 0, 0, 5, 5, 2, 2, 0, 0, 0, 1
20.00085173824573, 12, 69, 4.75, 2, 0, 5, 0, 0, 1, 0, 0, 0, 0, 0, 6, 1, 0, 0, 0, 0, 0, 1
36.147843776715, 41, 220, 4.365853658536586, 3, 4, 19, 0, 0, 0, 1, 0, 0, 0, 0, 11, 5, 3, 1, 0, 0, 0, 1
29.144676331634173, 51, 255, 4.0, 3, 1, 28, 0, 0, 0, 1, 0, 0, 0, 0, 10, 12, 2, 2, 0, 0, 0, 1
18.467018727569172, 20, 108, 4.4, 2, 1, 10, 0, 0, 2, 1, 0, 0, 0, 0, 3, 5, 2, 0, 0, 0, 0, 1
6.722754276544179, 12, 82, 5.833333333333333, 1, 0, 5, 0, 0, 1, 1, 0, 0, 0, 0, 4, 2, 2, 1, 0, 0, 0, 1
21.108100926025, 23, 131, 4.695652173913044, 2, 1, 13, 0, 0, 1, 1, 0, 0, 0, 0, 4, 3, 4, 1, 0, 1, 0, 1
25.320834996416316, 32, 193, 5.03125, 2, 1, 16, 0, 0, 4, 1, 0, 0, 0, 0, 8, 7, 2, 0, 0, 0, 0, 1
14.413386274589582, 22, 139, 5.318181818181818, 1, 1, 10, 0, 0, 0, 0, 0, 0, 0, 0, 5, 4, 3, 1, 0, 0, 0, 1
12.6716911215804, 21, 114, 4.428571428571429, 1, 0, 13, 0, 0, 0, 0, 0, 0, 0, 0, 4, 4, 1, 2, 0, 0, 0, 1
13.73542431302508, 30, 134, 3.466666666666667, 1, 0, 19, 0, 0, 1, 0, 0, 0, 0, 0, 5, 6, 2, 0, 0, 0, 0, 1
10.3708075225435, 11, 64, 4.818181818181818, 1, 0, 4, 0, 0, 0, 0, 0, 0, 0, 0, 5, 2, 1, 0, 0, 0, 0, 1
13.197893750963516, 11, 64, 4.818181818181818, 1, 0, 5, 0, 0, 2, 0, 0, 0, 0, 0, 3, 2, 2, 0, 0, 0, 0, 1
9.7826670088894, 10, 51, 4.1, 1, 0, 6, 0, 0, 1, 0, 0, 0, 0, 0, 1, 3, 1, 0, 0, 0, 0, 1
10.322559235606198, 11, 65, 4.909090909090909, 1, 0, 6, 0, 0, 0, 0, 0, 0, 0, 0, 4, 2, 0, 0, 0, 0, 0, 1
13.207231242610224, 29, 131, 3.5172413793103448, 2, 0, 21, 0, 0, 0, 0, 0, 0, 0, 0, 5, 6, 1, 1, 0, 0, 0, 1
8.38818564734226, 17, 84, 4.0, 1, 0, 11, 0, 0, 0, 0, 0, 0, 0, 0, 5, 2, 0, 1, 0, 0, 0, 1
11.165198049241388, 13, 71, 4.461538461538462, 1, 1, 7, 0, 0, 1, 0, 0, 0, 1, 0, 4, 2, 2, 1, 0, 0, 0, 1
12.519422923158652, 16, 102, 5.375, 1, 0, 8, 0, 0, 0, 0, 0, 0, 1, 0, 6, 2, 1, 0, 0, 0, 0, 1
22.490243354744237, 17, 100, 4.882352941176471, 2, 0, 8, 0, 0, 0, 0, 0, 0, 1, 0, 5, 3, 1, 2, 0, 0, 0, 1
20.93498906473556, 34, 180, 4.294117647058823, 2, 0, 18, 0, 0, 0, 0, 0, 0, 0, 0, 7, 7, 1, 3, 0, 0, 0, 1
23.756282775235743, 18, 97, 4.388888888888889, 3, 0, 9, 0, 0, 1, 0, 0, 0, 0, 0, 6, 2, 1, 0, 0, 0, 0, 1
22.20115290807574, 35, 175, 4.0, 1, 0, 20, 0, 0, 2, 0, 0, 0, 0, 1, 9, 5, 3, 1, 1, 0, 0, 1
12.031306763991681, 22, 113, 4.136363636363637, 1, 0, 14, 0, 0, 1, 0, 0, 0, 0, 0, 3, 6, 3, 2, 0, 0, 0, 1
10.807604769985822, 18, 99, 4.5, 1, 0, 10, 0, 0, 0, 0, 0, 0, 0, 0, 6, 1, 2, 0, 0, 0, 0, 1
12.909606500952009, 17, 85, 4.0, 2, 0, 9, 0, 0, 1, 0, 0, 0, 0, 0, 5, 2, 2, 1, 0, 0, 0, 1
15.191339099923656, 13, 75, 4.769230769230769, 1, 0, 7, 0, 0, 2, 0, 0, 0, 0, 0, 3, 3, 2, 0, 0, 0, 0, 1
18.776792372759612, 11, 71, 5.454545454545454, 1, 0, 5, 0, 0, 1, 0, 0, 0, 0, 0, 5, 2, 1, 0, 0, 0, 0, 1
11.736281809439246, 16, 75, 3.6875, 1, 0, 10, 0, 0, 0, 0, 0, 0, 0, 0, 3, 5, 0, 1, 0, 0, 0, 1
41.099236747454626, 31, 158, 4.129032258064516, 4, 1, 19, 0, 0, 2, 0, 0, 0, 1, 0, 5, 7, 0, 2, 0, 0, 0, 1
27.304012119470684, 31, 169, 4.451612903225806, 2, 1, 14, 0, 0, 1, 0, 0, 0, 0, 0, 8, 5, 2, 3, 0, 0, 0, 1
27.47393536251822, 23, 113, 3.9130434782608696, 2, 0, 13, 0, 0, 0, 0, 0, 0, 1, 0, 3, 6, 3, 0, 1, 0, 0, 1
14.720369861603588, 23, 115, 4.0, 1, 0, 14, 0, 0, 0, 0, 0, 0, 0, 0, 1, 6, 3, 4, 0, 0, 0, 1
29.51425503007849, 34, 144, 3.235294117647059, 4, 1, 22, 0, 0, 0, 0, 0, 0, 0, 0, 6, 6, 1, 2, 0, 0, 0, 1
10.920995215837495, 17, 86, 4.0588235294117645, 1, 1, 8, 0, 0, 1, 0, 0, 0, 0, 0, 6, 2, 1, 1, 0, 0, 0, 1
19.94645799247163, 26, 168, 5.461538461538462, 1, 0, 11, 0, 0, 0, 0, 0, 0, 0, 0, 6, 5, 4, 2, 0, 1, 0, 1
12.062171737914786, 18, 77, 3.2777777777777777, 1, 0, 12, 0, 0, 1, 0, 0, 0, 0, 0, 3, 2, 2, 1, 1, 0, 0, 1
8.899417656873412, 13, 75, 4.769230769230769, 1, 0, 7, 0, 0, 1, 0, 0, 0, 1, 0, 5, 1, 1, 0, 0, 0, 0, 1
10.93833129010504, 16, 99, 5.1875, 1, 0, 8, 0, 0, 0, 0, 0, 0, 0, 0, 3, 4, 0, 0, 0, 0, 0, 1
36.2846580418328, 49, 273, 4.571428571428571, 3, 1, 26, 0, 0, 1, 0, 0, 0, 1, 0, 9, 11, 5, 1, 0, 1, 0, 1
15.246703986083121, 30, 171, 4.7, 1, 0, 16, 0, 0, 1, 0, 0, 0, 0, 0, 8, 5, 2, 3, 0, 0, 0, 1
9.478250348033662, 15, 93, 5.2, 1, 0, 6, 0, 0, 1, 0, 0, 0, 0, 0, 6, 2, 2, 0, 0, 0, 0, 1
19.7561663432541, 46, 250, 4.434782608695652, 1, 0, 26, 0, 0, 0, 0, 0, 0, 0, 0, 10, 8, 4, 0, 0, 0, 0, 1
8.823673464401296, 15, 61, 3.066666666666667, 1, 0, 11, 0, 0, 0, 0, 0, 0, 0, 0, 2, 3, 1, 0, 0, 0, 0, 1
8.430429645164775, 17, 76, 3.4705882352941178, 1, 0, 9, 0, 0, 0, 0, 0, 0, 0, 0, 5, 1, 2, 0, 0, 0, 0, 1
16.001752656321642, 38, 214, 4.631578947368421, 1, 1, 22, 0, 0, 2, 0, 0, 0, 0, 0, 7, 6, 1, 3, 0, 0, 0, 1
11.224248060482488, 25, 141, 4.64, 1, 1, 12, 0, 0, 3, 0, 0, 0, 0, 0, 8, 2, 3, 2, 0, 0, 0, 1
17.434302219417614, 15, 110, 6.333333333333333, 1, 1, 6, 0, 0, 0, 0, 0, 0, 0, 0, 5, 2, 3, 0, 0, 0, 0, 1
12.002381214749656, 12, 65, 4.416666666666667, 1, 0, 8, 0, 0, 2, 0, 0, 0, 0, 0, 2, 2, 0, 0, 0, 0, 0, 1
21.60562120405242, 40, 208, 4.2, 3, 0, 23, 0, 0, 0, 0, 0, 0, 0, 0, 9, 6, 2, 1, 0, 0, 0, 1
16.753380751831823, 25, 147, 4.88, 2, 1, 12, 0, 0, 0, 0, 0, 0, 0, 0, 5, 5, 5, 2, 0, 1, 0, 1
11.832146759819969, 17, 83, 3.8823529411764706, 1, 0, 9, 0, 0, 0, 0, 0, 0, 0, 0, 2, 4, 2, 2, 0, 0, 0, 1
29.33451619417258, 40, 233, 4.825, 2, 0, 21, 0, 0, 0, 0, 0, 0, 0, 0, 9, 7, 6, 1, 0, 0, 0, 1
8.747975574578454, 11, 58, 4.2727272727272725, 1, 0, 6, 0, 0, 0, 0, 0, 0, 0, 0, 3, 2, 1, 0, 1, 0, 0, 1
9.204736078158648, 10, 53, 4.3, 1, 0, 5, 0, 0, 1, 0, 0, 0, 0, 0, 3, 1, 1, 0, 0, 0, 0, 1
18.72203491197816, 22, 122, 4.545454545454546, 2, 1, 10, 0, 0, 0, 0, 0, 0, 0, 0, 3, 7, 1, 1, 0, 0, 0, 1
11.166625961742985, 20, 90, 3.5, 1, 2, 9, 0, 0, 1, 0, 0, 0, 0, 0, 5, 5, 1, 0, 0, 0, 0, 1
21.966913786580097, 38, 206, 4.421052631578948, 3, 0, 18, 0, 0, 4, 0, 0, 0, 0, 0, 11, 10, 1, 4, 1, 0, 1, 1
9.45634505639649, 20, 99, 3.95, 1, 0, 12, 0, 0, 2, 0, 0, 0, 0, 0, 6, 3, 1, 0, 0, 0, 0, 1
12.168444800723908, 10, 55, 4.5, 1, 1, 4, 0, 0, 1, 0, 0, 0, 0, 0, 2, 2, 2, 0, 0, 0, 0, 1
8.665597575606213, 10, 57, 4.7, 1, 0, 5, 0, 0, 1, 0, 0, 0, 0, 0, 3, 1, 1, 0, 0, 0, 0, 1
12.741973073142079, 10, 57, 4.7, 1, 0, 5, 0, 0, 2, 0, 0, 0, 0, 0, 3, 1, 1, 0, 0, 0, 0, 1
13.724388837218118, 11, 61, 4.545454545454546, 1, 0, 4, 0, 0, 0, 0, 0, 0, 0, 0, 2, 4, 1, 1, 0, 0, 0, 1
13.88458419892828, 14, 78, 4.571428571428571, 1, 0, 9, 0, 0, 0, 0, 0, 0, 0, 0, 3, 2, 2, 1, 0, 0, 0, 1
31.24604598986488, 20, 122, 5.1, 3, 0, 5, 0, 0, 3, 0, 0, 0, 0, 0, 9, 4, 1, 2, 0, 0, 0, 1
10.001352092028956, 17, 89, 4.235294117647059, 1, 1, 8, 0, 0, 0, 0, 0, 0, 0, 0, 5, 2, 3, 0, 0, 0, 0, 1
17.303256213494684, 12, 77, 5.416666666666667, 1, 0, 4, 0, 0, 1, 0, 0, 0, 0, 0, 4, 2, 1, 0, 0, 0, 0, 1
15.464358319015677, 10, 58, 4.8, 1, 0, 4, 0, 0, 3, 0, 0, 0, 0, 0, 4, 3, 0, 0, 0, 0, 0, 1
10.189706087287442, 18, 88, 3.888888888888889, 1, 0, 9, 0, 0, 1, 0, 0, 0, 0, 0, 4, 4, 1, 0, 0, 1, 0, 1
34.17090704480072, 26, 162, 5.230769230769231, 3, 0, 15, 0, 0, 1, 0, 0, 0, 1, 0, 8, 6, 0, 1, 0, 0, 0, 1
10.15009371127025, 11, 73, 5.636363636363637, 1, 0, 4, 0, 0, 2, 0, 0, 0, 0, 0, 3, 1, 2, 0, 0, 0, 0, 1
14.917286613729633, 19, 128, 5.7368421052631575, 1, 0, 10, 0, 0, 0, 0, 0, 0, 1, 0, 3, 4, 4, 1, 0, 0, 1, 1
12.17987491633649, 13, 79, 5.076923076923077, 1, 0, 7, 0, 0, 2, 0, 0, 0, 0, 0, 3, 0, 3, 0, 1, 0, 0, 1
20.374507345087935, 26, 128, 3.923076923076923, 2, 0, 13, 0, 0, 2, 0, 0, 0, 0, 0, 8, 2, 2, 0, 0, 1, 0, 1
28.97789027676814, 32, 164, 4.125, 3, 2, 17, 0, 0, 1, 0, 0, 0, 0, 0, 3, 8, 5, 2, 0, 0, 0, 1
10.996160013512183, 14, 72, 4.142857142857143, 1, 0, 7, 0, 0, 0, 0, 0, 0, 0, 0, 2, 4, 2, 0, 0, 1, 0, 1
18.231377900955742, 19, 111, 4.842105263157895, 1, 0, 9, 0, 0, 2, 0, 0, 0, 0, 0, 5, 4, 1, 0, 0, 0, 0, 1
9.478221084334447, 11, 71, 5.454545454545454, 1, 0, 5, 0, 0, 0, 0, 0, 0, 0, 0, 1, 2, 3, 2, 0, 1, 0, 1
6.25117796052249, 11, 55, 4.0, 1, 0, 6, 0, 0, 1, 0, 0, 0, 0, 0, 3, 1, 0, 0, 0, 0, 0, 1
39.07528137517204, 25, 155, 5.2, 4, 0, 8, 0, 0, 4, 0, 0, 0, 0, 0, 10, 4, 3, 2, 0, 0, 0, 1
44.185577884592206, 48, 259, 4.395833333333333, 1, 2, 24, 0, 0, 1, 0, 0, 0, 1, 0, 13, 7, 3, 3, 0, 0, 0, 1
7.680924528677357, 28, 144, 4.142857142857143, 1, 0, 15, 0, 0, 0, 0, 0, 0, 0, 0, 8, 5, 1, 2, 0, 0, 0, 1
30.0391779798349, 34, 194, 4.705882352941177, 2, 0, 19, 0, 0, 2, 0, 0, 0, 1, 0, 7, 7, 5, 1, 1, 0, 0, 1
10.719772682582455, 7, 52, 6.428571428571429, 1, 0, 3, 0, 0, 0, 0, 0, 0, 1, 0, 3, 1, 1, 0, 0, 0, 0, 1
16.831105482641703, 16, 82, 4.1875, 2, 0, 10, 0, 0, 1, 0, 0, 0, 0, 0, 2, 4, 0, 1, 0, 0, 0, 1
15.797770722491446, 13, 83, 5.384615384615385, 1, 0, 4, 0, 0, 0, 0, 0, 0, 0, 0, 3, 3, 2, 2, 1, 0, 0, 1
31.101189045258796, 24, 129, 4.375, 4, 2, 9, 0, 0, 0, 0, 0, 0, 0, 0, 8, 2, 3, 0, 0, 0, 0, 1
13.048796216328146, 16, 104, 5.5, 1, 0, 8, 0, 0, 1, 0, 0, 0, 0, 0, 5, 2, 1, 2, 0, 0, 0, 1
19.836138584494122, 20, 104, 4.2, 2, 0, 10, 0, 0, 0, 0, 0, 0, 0, 0, 4, 5, 2, 2, 0, 1, 0, 1
11.190802235022765, 16, 84, 4.25, 1, 0, 10, 0, 1, 0, 0, 0, 0, 0, 0, 4, 6, 0, 1, 0, 0, 0, 1
8.273943919369273, 13, 70, 4.384615384615385, 1, 0, 8, 0, 0, 0, 0, 0, 0, 0, 0, 3, 1, 2, 1, 0, 0, 0, 1
21.134251224653934, 24, 123, 4.125, 2, 1, 11, 0, 0, 2, 0, 0, 0, 0, 0, 7, 2, 4, 1, 0, 0, 0, 1
31.25308783332787, 25, 145, 4.8, 3, 0, 12, 0, 0, 1, 0, 0, 0, 0, 0, 7, 4, 3, 0, 0, 0, 1, 1
24.211802414287604, 23, 115, 4.0, 2, 0, 12, 0, 0, 1, 0, 0, 0, 0, 0, 6, 3, 1, 2, 0, 0, 0, 1
10.433190492269071, 24, 120, 4.0, 1, 0, 13, 0, 0, 0, 0, 0, 0, 0, 0, 3, 8, 4, 0, 0, 0, 0, 1
18.250807257828637, 16, 103, 5.4375, 1, 0, 7, 0, 0, 1, 1, 0, 0, 1, 0, 6, 2, 1, 0, 0, 0, 0, 1
15.316456302230446, 17, 104, 5.176470588235294, 1, 0, 9, 0, 0, 1, 1, 0, 0, 0, 0, 5, 2, 1, 1, 0, 0, 0, 1
20.266166038222195, 32, 184, 4.75, 1, 0, 17, 0, 0, 2, 1, 0, 0, 0, 0, 9, 4, 3, 0, 0, 0, 0, 1
14.843092635902293, 16, 79, 3.9375, 2, 0, 10, 0, 0, 1, 1, 0, 0, 0, 0, 5, 2, 1, 2, 1, 0, 0, 1
22.003984768922525, 21, 115, 4.476190476190476, 2, 0, 11, 0, 0, 1, 1, 0, 0, 0, 0, 7, 4, 1, 1, 0, 0, 0, 1
9.738754533618982, 11, 64, 4.818181818181818, 1, 1, 7, 0, 0, 1, 1, 0, 0, 0, 0, 3, 2, 1, 0, 0, 0, 0, 1
13.560702705628115, 16, 84, 4.25, 1, 0, 8, 0, 0, 2, 0, 0, 0, 0, 0, 6, 1, 1, 0, 1, 0, 0, 1
19.94811279877971, 36, 235, 5.527777777777778, 2, 0, 18, 0, 0, 0, 0, 0, 0, 0, 0, 6, 7, 7, 2, 0, 0, 0, 1
11.704939205662102, 22, 116, 4.2727272727272725, 1, 2, 10, 0, 0, 0, 0, 0, 0, 0, 0, 7, 2, 2, 0, 0, 0, 0, 1
12.222100064400605, 15, 82, 4.466666666666667, 1, 2, 10, 0, 0, 0, 0, 0, 0, 0, 0, 2, 3, 0, 3, 0, 0, 0, 1
25.344103438096422, 23, 132, 4.739130434782608, 2, 1, 12, 0, 0, 1, 0, 0, 0, 0, 0, 6, 3, 1, 1, 0, 0, 0, 1
10.963308564146327, 17, 96, 4.647058823529412, 1, 1, 10, 0, 0, 0, 0, 0, 0, 0, 0, 4, 4, 1, 1, 0, 0, 0, 1
23.618976873091786, 17, 125, 6.352941176470588, 2, 0, 5, 0, 0, 0, 0, 0, 0, 0, 0, 5, 3, 4, 2, 1, 0, 1, 1
12.73591843912721, 13, 71, 4.461538461538462, 1, 1, 7, 0, 0, 1, 0, 0, 0, 0, 0, 3, 1, 2, 0, 0, 0, 0, 1
9.00585491818934, 13, 70, 4.384615384615385, 1, 0, 7, 0, 0, 0, 0, 0, 0, 0, 0, 2, 4, 0, 1, 0, 0, 0, 1
13.763030418776186, 11, 70, 5.363636363636363, 1, 0, 4, 0, 0, 1, 0, 0, 0, 0, 0, 5, 2, 0, 1, 0, 0, 0, 1
22.32604526305667, 33, 153, 3.6666666666666665, 3, 0, 20, 0, 0, 0, 0, 0, 0, 0, 0, 7, 7, 1, 3, 0, 0, 0, 1
25.267144764186764, 17, 85, 4.0, 3, 0, 9, 0, 0, 2, 0, 0, 0, 0, 0, 5, 3, 2, 1, 0, 0, 0, 1
17.557157044404253, 18, 76, 3.2222222222222223, 3, 1, 11, 0, 0, 0, 0, 0, 0, 0, 0, 2, 2, 1, 1, 0, 0, 0, 1
43.70957201026764, 25, 119, 3.76, 7, 1, 13, 0, 0, 1, 0, 0, 0, 0, 0, 9, 0, 2, 1, 0, 0, 0, 1
44.42699719777578, 18, 80, 3.4444444444444446, 7, 0, 12, 0, 0, 1, 0, 0, 0, 0, 0, 4, 5, 0, 3, 0, 0, 0, 1
22.6118907795857, 13, 59, 3.5384615384615383, 3, 0, 9, 0, 0, 1, 0, 0, 0, 0, 0, 4, 2, 0, 0, 0, 0, 0, 1
16.209895365999433, 16, 93, 4.8125, 1, 0, 9, 0, 0, 1, 0, 0, 0, 0, 0, 5, 1, 2, 0, 0, 0, 0, 1
11.129375903687544, 19, 105, 4.526315789473684, 1, 0, 9, 0, 0, 0, 0, 0, 0, 0, 0, 2, 6, 2, 1, 0, 1, 1, 1
25.418454222535626, 21, 112, 4.333333333333333, 3, 1, 9, 0, 0, 1, 0, 0, 0, 1, 0, 5, 5, 2, 2, 0, 0, 0, 1
27.278994027275985, 20, 85, 3.25, 4, 1, 11, 0, 0, 1, 0, 0, 0, 0, 0, 5, 3, 0, 1, 0, 0, 0, 1
10.045626138145664, 16, 80, 4.0, 1, 0, 8, 0, 0, 0, 0, 0, 0, 0, 0, 5, 2, 0, 1, 1, 0, 0, 1
11.623535468673182, 18, 96, 4.333333333333333, 1, 0, 9, 0, 0, 1, 0, 0, 0, 0, 0, 5, 2, 2, 1, 0, 0, 0, 1
27.264931327175255, 22, 123, 4.590909090909091, 3, 1, 12, 0, 0, 1, 0, 0, 0, 0, 0, 4, 4, 3, 0, 0, 0, 0, 1
16.588178448699995, 26, 138, 4.3076923076923075, 1, 0, 12, 0, 0, 1, 0, 0, 0, 0, 0, 7, 6, 2, 0, 0, 0, 0, 1
19.217408633394918, 30, 175, 4.833333333333333, 1, 2, 15, 0, 1, 0, 0, 0, 0, 0, 0, 7, 5, 5, 2, 0, 1, 0, 1
40.83218328641092, 48, 233, 3.8333333333333335, 4, 0, 25, 0, 0, 0, 0, 0, 0, 0, 0, 15, 7, 3, 2, 0, 0, 1, 1
19.935009378030767, 31, 158, 4.096774193548387, 1, 0, 16, 0, 0, 1, 0, 0, 0, 0, 0, 9, 4, 1, 3, 0, 0, 0, 1
50.68296618537766, 57, 312, 4.473684210526316, 5, 2, 28, 0, 1, 1, 1, 0, 0, 0, 1, 10, 18, 4, 7, 1, 0, 0, 1
8.004214951238549, 9, 45, 4.111111111111111, 1, 0, 6, 0, 0, 1, 0, 0, 0, 0, 0, 2, 2, 0, 2, 0, 0, 0, 1
38.535645421237085, 47, 244, 4.191489361702128, 3, 0, 29, 0, 0, 3, 0, 0, 0, 0, 0, 11, 6, 1, 6, 1, 0, 0, 1
18.077631697382348, 29, 141, 3.8620689655172415, 2, 1, 17, 0, 0, 1, 0, 0, 0, 0, 0, 5, 5, 2, 3, 0, 0, 0, 1
20.093825543639884, 40, 214, 4.35, 2, 1, 23, 0, 1, 2, 0, 0, 0, 0, 1, 10, 8, 1, 2, 0, 1, 0, 1
34.793994860992164, 35, 190, 4.428571428571429, 4, 0, 20, 0, 0, 0, 1, 0, 0, 0, 0, 6, 8, 2, 3, 0, 0, 0, 1
11.739718420098862, 7, 52, 6.428571428571429, 1, 0, 2, 0, 0, 2, 1, 0, 0, 0, 0, 3, 1, 1, 0, 0, 0, 0, 1
20.714759633480337, 35, 162, 3.6285714285714286, 2, 1, 22, 0, 0, 0, 1, 0, 0, 0, 0, 9, 7, 0, 1, 0, 0, 0, 1
39.58568961011997, 39, 226, 4.794871794871795, 4, 0, 21, 0, 0, 0, 1, 0, 0, 0, 0, 8, 5, 8, 1, 1, 0, 0, 1
80.52664653975465, 77, 384, 3.987012987012987, 10, 0, 47, 0, 0, 4, 1, 0, 0, 0, 0, 16, 16, 4, 1, 0, 0, 1, 1
8.443711745290607, 18, 96, 4.333333333333333, 1, 0, 9, 0, 0, 0, 1, 0, 0, 0, 0, 5, 4, 1, 1, 0, 0, 0, 1
18.529450563118928, 15, 120, 7.0, 1, 0, 5, 0, 0, 0, 1, 0, 0, 0, 0, 5, 2, 1, 2, 0, 0, 0, 1
19.061469295428562, 25, 136, 4.44, 2, 1, 15, 0, 0, 2, 1, 0, 0, 0, 0, 6, 5, 1, 1, 0, 0, 1, 1
30.357970608745603, 44, 235, 4.340909090909091, 2, 0, 21, 0, 0, 6, 1, 0, 0, 0, 0, 11, 9, 2, 1, 0, 0, 0, 1
22.68112601934705, 11, 84, 6.636363636363637, 3, 0, 6, 0, 0, 0, 1, 0, 0, 0, 0, 3, 2, 2, 0, 0, 0, 0, 1
123.41660631716587, 125, 683, 4.464, 11, 2, 64, 0, 0, 4, 0, 0, 0, 0, 0, 25, 18, 16, 9, 1, 0, 1, 1
101.2910138083646, 76, 395, 4.197368421052632, 11, 2, 41, 0, 0, 4, 1, 0, 0, 0, 0, 17, 14, 4, 3, 0, 0, 0, 1
32.71401016581039, 48, 283, 4.895833333333333, 1, 1, 22, 0, 0, 0, 0, 0, 0, 0, 0, 12, 5, 6, 2, 0, 0, 1, 1
275.20197882544335, 256, 1385, 4.41015625, 38, 5, 141, 0, 0, 6, 0, 0, 0, 0, 1, 67, 39, 22, 14, 1, 1, 1, 1
14.111419643267876, 15, 99, 5.6, 1, 0, 5, 0, 0, 0, 0, 0, 0, 1, 0, 4, 3, 0, 2, 0, 0, 0, 1
149.01691728680834, 90, 473, 4.2555555555555555, 23, 1, 46, 0, 0, 2, 1, 0, 0, 0, 0, 29, 11, 4, 3, 0, 1, 1, 1
26.263809779499574, 27, 159, 4.888888888888889, 1, 0, 13, 0, 0, 2, 0, 0, 0, 0, 0, 6, 6, 2, 2, 0, 0, 0, 1
68.53133265099785, 68, 343, 4.044117647058823, 8, 2, 27, 0, 0, 4, 0, 0, 0, 0, 1, 19, 12, 6, 7, 0, 0, 1, 1
12.825674501626715, 18, 102, 4.666666666666667, 1, 0, 9, 0, 0, 0, 0, 0, 0, 0, 0, 3, 6, 2, 1, 0, 0, 0, 1
10.990032048951003, 11, 55, 4.0, 1, 0, 7, 0, 0, 0, 0, 0, 0, 0, 0, 0, 3, 1, 2, 0, 0, 1, 1
8.242640527960557, 12, 55, 3.5833333333333335, 1, 0, 7, 0, 0, 0, 0, 0, 0, 0, 0, 4, 1, 1, 1, 0, 0, 1, 1
309.74954798539505, 337, 1809, 4.367952522255193, 32, 8, 183, 0, 1, 6, 0, 0, 0, 1, 1, 71, 80, 15, 27, 1, 1, 1, 1
13.930845212148094, 17, 87, 4.117647058823529, 1, 2, 9, 0, 0, 0, 0, 0, 0, 0, 1, 5, 2, 1, 1, 0, 0, 0, 1
16.73478196793334, 29, 162, 4.551724137931035, 2, 1, 17, 0, 0, 0, 0, 0, 0, 1, 0, 5, 4, 3, 4, 0, 0, 1, 1
38.19503695198162, 42, 206, 3.9047619047619047, 5, 0, 20, 0, 0, 0, 0, 0, 0, 0, 1, 6, 10, 5, 4, 1, 0, 0, 1
112.5572331914831, 123, 700, 4.691056910569106, 17, 2, 65, 0, 0, 2, 0, 0, 0, 1, 1, 24, 27, 6, 11, 1, 0, 1, 1
29.050576188125095, 47, 240, 4.1063829787234045, 2, 0, 26, 0, 0, 3, 0, 0, 0, 0, 0, 11, 5, 6, 2, 1, 0, 0, 1
31.443012437434195, 34, 173, 4.088235294117647, 5, 0, 22, 0, 0, 3, 0, 0, 0, 0, 0, 6, 7, 0, 1, 0, 0, 1, 1
20.037078534274308, 15, 78, 4.2, 3, 0, 6, 0, 1, 1, 0, 0, 0, 0, 0, 5, 3, 1, 0, 0, 0, 0, 1
12.300004348957845, 12, 71, 4.916666666666667, 1, 0, 5, 0, 0, 1, 0, 0, 0, 0, 0, 6, 1, 0, 1, 0, 0, 0, 1
11.305104455299892, 11, 60, 4.454545454545454, 1, 0, 5, 0, 0, 2, 0, 0, 0, 0, 0, 5, 1, 0, 1, 0, 0, 0, 1
8.145275117174615, 14, 79, 4.642857142857143, 1, 0, 7, 0, 0, 0, 0, 0, 0, 0, 0, 1, 6, 1, 2, 0, 0, 0, 1
12.463437770476913, 41, 181, 3.4146341463414633, 1, 1, 24, 0, 0, 0, 0, 0, 0, 0, 0, 8, 8, 1, 0, 0, 0, 0, 1
21.475044543205513, 26, 162, 5.230769230769231, 1, 0, 10, 0, 0, 0, 0, 0, 0, 1, 0, 7, 5, 3, 3, 0, 0, 1, 1
30.052630720074063, 37, 159, 3.2972972972972974, 3, 0, 24, 0, 0, 2, 0, 0, 0, 0, 0, 7, 4, 4, 1, 1, 0, 0, 1
11.211980186007736, 11, 53, 3.8181818181818183, 1, 0, 6, 0, 0, 1, 0, 0, 0, 0, 0, 3, 1, 2, 0, 0, 0, 0, 1
32.81448818869643, 24, 113, 3.7083333333333335, 4, 1, 16, 0, 0, 1, 0, 0, 0, 0, 0, 5, 6, 2, 1, 0, 0, 1, 1
53.213651857878205, 62, 310, 4.0, 3, 2, 37, 0, 0, 3, 0, 1, 0, 0, 0, 16, 7, 4, 0, 0, 0, 0, 1
14.471275100895573, 20, 113, 4.65, 1, 0, 13, 0, 0, 0, 0, 0, 0, 1, 0, 4, 4, 0, 2, 0, 0, 0, 1
9.891455759243042, 14, 71, 4.071428571428571, 1, 0, 8, 0, 0, 0, 0, 0, 0, 1, 0, 3, 3, 1, 1, 0, 0, 0, 1
12.29723129083407, 21, 109, 4.190476190476191, 1, 0, 13, 0, 0, 1, 0, 0, 0, 0, 0, 3, 6, 0, 3, 0, 0, 0, 1
13.702228025513573, 37, 217, 4.864864864864865, 1, 0, 17, 0, 0, 0, 0, 0, 0, 0, 1, 7, 7, 5, 1, 0, 0, 0, 1
15.000644019192762, 14, 66, 3.7142857142857144, 2, 1, 8, 0, 0, 0, 0, 0, 0, 0, 0, 5, 1, 0, 0, 0, 0, 1, 1
26.956026412344137, 24, 127, 4.291666666666667, 3, 0, 10, 0, 0, 2, 0, 0, 0, 1, 0, 6, 5, 2, 0, 0, 1, 0, 1
12.406826484734399, 18, 93, 4.166666666666667, 1, 0, 10, 0, 0, 1, 0, 0, 0, 0, 0, 5, 1, 2, 0, 1, 0, 1, 1
22.937974678207905, 18, 87, 3.8333333333333335, 3, 0, 11, 0, 0, 0, 0, 0, 0, 0, 0, 1, 4, 2, 3, 1, 0, 0, 1
14.147810001564443, 20, 105, 4.25, 1, 0, 7, 0, 0, 1, 0, 0, 0, 0, 0, 2, 3, 4, 2, 0, 0, 0, 1
29.851618053058054, 39, 196, 4.0256410256410255, 3, 0, 23, 0, 0, 0, 0, 0, 0, 0, 0, 9, 5, 3, 2, 0, 1, 0, 1
11.021932953325022, 21, 125, 4.9523809523809526, 1, 0, 9, 0, 0, 1, 0, 0, 0, 0, 0, 7, 3, 2, 1, 0, 0, 0, 1
42.11103038542548, 31, 182, 4.870967741935484, 2, 1, 14, 0, 0, 1, 0, 0, 0, 0, 0, 9, 4, 4, 2, 0, 0, 0, 1
89.0810070523573, 121, 722, 4.966942148760331, 8, 4, 61, 0, 0, 1, 0, 0, 0, 1, 0, 27, 22, 16, 5, 0, 0, 1, 1
19.01021789407328, 30, 154, 4.166666666666667, 2, 0, 17, 0, 0, 1, 0, 0, 0, 0, 0, 7, 7, 1, 2, 0, 0, 0, 1
31.896280249323677, 29, 178, 5.137931034482759, 1, 0, 12, 0, 0, 3, 0, 0, 0, 1, 1, 7, 7, 2, 1, 0, 0, 1, 1
74.27519622015012, 54, 284, 4.2592592592592595, 8, 1, 28, 0, 0, 2, 0, 0, 0, 0, 0, 12, 9, 3, 1, 0, 0, 0, 1
5.564743368088415, 4, 30, 6.5, 1, 0, 0, 0, 0, 0, 0, 1, 0, 0, 0, 2, 0, 1, 1, 0, 0, 0, 1
5.5287844377009705, 4, 30, 6.5, 1, 0, 0, 0, 0, 0, 0, 1, 0, 0, 0, 2, 0, 1, 1, 0, 0, 0, 1
13.395532373169836, 17, 96, 4.647058823529412, 1, 0, 9, 0, 0, 2, 0, 0, 0, 0, 0, 4, 4, 2, 0, 0, 0, 0, 1
31.475209277479184, 14, 94, 5.714285714285714, 4, 0, 5, 0, 0, 0, 0, 0, 0, 0, 1, 6, 3, 0, 0, 0, 0, 0, 1
31.93360930443913, 52, 294, 4.653846153846154, 4, 2, 29, 0, 0, 1, 0, 0, 0, 0, 0, 12, 10, 4, 1, 1, 0, 1, 1
53.9713703879269, 19, 135, 6.105263157894737, 2, 0, 8, 0, 0, 0, 0, 1, 0, 1, 0, 6, 4, 2, 0, 0, 0, 1, 1
11.5451002475876, 16, 94, 4.875, 1, 0, 8, 0, 0, 0, 0, 0, 0, 0, 0, 6, 1, 0, 2, 1, 0, 0, 1
19.103457935637376, 31, 162, 4.225806451612903, 1, 1, 17, 0, 0, 2, 1, 0, 0, 0, 0, 7, 4, 3, 4, 0, 0, 0, 1
46.47580829308485, 45, 271, 5.022222222222222, 4, 0, 24, 0, 0, 0, 0, 0, 0, 1, 0, 12, 7, 2, 1, 0, 0, 1, 1
20.632032644900644, 36, 193, 4.361111111111111, 2, 1, 20, 0, 0, 2, 0, 0, 0, 0, 1, 9, 5, 2, 1, 0, 0, 0, 1
49.72092959055172, 87, 465, 4.344827586206897, 6, 0, 47, 0, 1, 4, 0, 0, 0, 0, 1, 19, 19, 6, 12, 0, 0, 1, 1
68.53133265099785, 68, 357, 4.044117647058823, 8, 2, 27, 0, 0, 4, 0, 0, 1, 0, 1, 19, 12, 6, 7, 0, 0, 1, 1
10.039732724178885, 17, 81, 3.764705882352941, 1, 0, 9, 0, 0, 0, 0, 0, 0, 0, 0, 3, 4, 0, 2, 0, 0, 0, 1
42.91046287385986, 26, 134, 4.153846153846154, 6, 1, 13, 0, 0, 1, 1, 0, 0, 0, 1, 5, 5, 1, 3, 0, 0, 0, 1
18.391901245609947, 17, 99, 4.823529411764706, 2, 1, 8, 0, 0, 0, 0, 0, 0, 0, 0, 5, 2, 3, 1, 0, 0, 0, 1
30.43414475617909, 29, 171, 4.896551724137931, 4, 0, 16, 0, 0, 0, 0, 0, 0, 0, 0, 7, 6, 1, 1, 0, 0, 0, 1
4.434965746952383, 11, 53, 3.8181818181818183, 0, 0, 6, 1, 0, 1, 0, 0, 0, 0, 0, 2, 4, 0, 2, 0, 0, 1, 1
18.19775808534563, 14, 87, 5.214285714285714, 2, 1, 5, 0, 0, 0, 0, 0, 0, 0, 0, 3, 4, 2, 1, 0, 0, 0, 1
102.08367433152407, 64, 313, 3.890625, 15, 1, 32, 0, 0, 4, 0, 0, 0, 0, 0, 16, 13, 2, 6, 0, 1, 1, 1
25.320834996416316, 32, 193, 5.03125, 2, 1, 16, 0, 0, 4, 0, 0, 0, 0, 0, 8, 7, 2, 0, 0, 0, 0, 1
44.82533011671027, 51, 271, 4.313725490196078, 5, 4, 28, 0, 0, 1, 0, 0, 0, 0, 0, 14, 6, 5, 4, 0, 0, 1, 1
12.551782421027228, 16, 80, 4.0, 1, 0, 7, 0, 0, 3, 0, 0, 0, 0, 0, 4, 4, 0, 2, 0, 0, 0, 1
11.50275468123668, 18, 90, 4.0, 1, 1, 11, 0, 0, 1, 0, 0, 0, 0, 0, 5, 3, 2, 1, 0, 0, 0, 1
22.937660644189, 17, 98, 4.764705882352941, 3, 0, 7, 0, 0, 0, 0, 0, 0, 0, 0, 6, 3, 1, 0, 0, 0, 1, 1
18.384797597463535, 32, 162, 4.0625, 2, 0, 19, 0, 0, 1, 0, 0, 0, 0, 0, 6, 4, 5, 3, 0, 1, 0, 1
7.161137398199764, 25, 121, 3.84, 1, 0, 16, 0, 0, 0, 0, 0, 0, 0, 0, 3, 3, 4, 3, 0, 0, 0, 1
177.980913139684, 105, 594, 4.6571428571428575, 18, 5, 56, 0, 0, 0, 0, 1, 1, 1, 0, 30, 21, 6, 6, 0, 0, 1, 1
23.136593760888754, 35, 235, 5.714285714285714, 1, 0, 17, 0, 0, 0, 0, 0, 0, 1, 0, 13, 3, 2, 0, 0, 0, 0, 1
34.051908287646505, 43, 221, 4.1395348837209305, 3, 0, 25, 0, 1, 0, 0, 0, 0, 0, 0, 9, 7, 4, 3, 0, 0, 0, 1
22.526973720561394, 49, 313, 5.387755102040816, 1, 3, 22, 0, 0, 1, 0, 0, 0, 1, 0, 19, 4, 3, 1, 0, 0, 0, 1
32.549200976453264, 51, 252, 3.9411764705882355, 3, 1, 27, 0, 0, 1, 1, 0, 0, 0, 0, 11, 8, 1, 6, 0, 0, 1, 1
5.8195466912575196, 12, 71, 4.916666666666667, 0, 0, 6, 0, 0, 0, 0, 0, 0, 0, 0, 3, 2, 2, 0, 0, 0, 0, 1
62.134832482944866, 41, 246, 5.0, 8, 0, 20, 0, 0, 0, 1, 0, 0, 0, 0, 13, 10, 0, 0, 0, 0, 1, 1
40.09557176581724, 82, 451, 4.5, 4, 1, 41, 0, 0, 1, 0, 0, 0, 0, 0, 17, 22, 5, 6, 0, 0, 0, 1
15.223918901232272, 19, 106, 4.578947368421052, 1, 1, 12, 0, 0, 3, 0, 0, 0, 0, 0, 5, 3, 0, 1, 0, 0, 0, 1
17.704970737751022, 10, 55, 4.5, 2, 1, 5, 0, 0, 1, 0, 0, 0, 0, 0, 3, 1, 1, 0, 0, 0, 0, 1
50.559221092823705, 21, 103, 3.9047619047619047, 7, 0, 15, 0, 0, 0, 0, 0, 0, 0, 0, 4, 6, 1, 2, 0, 0, 1, 1
6.778407140972339, 14, 53, 2.7857142857142856, 1, 0, 7, 0, 0, 1, 0, 0, 0, 0, 0, 4, 2, 0, 1, 0, 0, 1, 1
24.186648686851857, 20, 113, 4.65, 3, 0, 9, 0, 0, 0, 0, 0, 0, 0, 0, 5, 5, 2, 2, 0, 1, 1, 1
33.93481575995677, 58, 267, 3.603448275862069, 3, 0, 37, 0, 0, 2, 0, 0, 0, 0, 0, 13, 6, 7, 1, 1, 0, 0, 1
184.80807358992274, 223, 1151, 4.161434977578475, 20, 3, 126, 0, 0, 7, 0, 0, 0, 1, 0, 50, 36, 19, 5, 1, 0, 1, 1
20.989437730025806, 32, 160, 4.0, 2, 1, 17, 0, 0, 0, 0, 0, 0, 0, 0, 7, 5, 0, 5, 0, 0, 1, 1
29.940165368960315, 45, 247, 4.488888888888889, 2, 2, 24, 0, 0, 1, 0, 0, 0, 0, 0, 8, 8, 5, 4, 0, 0, 0, 1
11.436887420138529, 9, 50, 4.555555555555555, 1, 1, 4, 0, 0, 1, 0, 0, 0, 0, 0, 3, 1, 1, 0, 0, 0, 0, 1
44.185577884592206, 48, 259, 4.395833333333333, 1, 2, 24, 0, 0, 1, 0, 0, 0, 1, 0, 13, 7, 3, 3, 0, 0, 0, 1
25.08083837184894, 29, 144, 3.9655172413793105, 2, 0, 17, 0, 0, 1, 1, 0, 0, 0, 0, 6, 8, 1, 1, 0, 0, 0, 1
0.8757924389288063, 9, 45, 4.0, 0, 1, 6, 1, 0, 0, 0, 0, 0, 0, 0, 0, 2, 2, 0, 0, 0, 0, 1
18.894040511346677, 12, 74, 5.166666666666667, 2, 0, 5, 0, 0, 0, 0, 0, 0, 0, 0, 3, 1, 2, 2, 0, 0, 0, 1
23.814873022370097, 34, 173, 4.088235294117647, 2, 0, 18, 0, 0, 0, 0, 0, 0, 0, 0, 9, 7, 3, 0, 0, 0, 0, 1
50.25285184629967, 65, 348, 4.3538461538461535, 7, 2, 37, 0, 0, 1, 0, 0, 0, 0, 0, 13, 14, 4, 5, 0, 0, 1, 1
39.68849116092438, 40, 216, 4.4, 4, 1, 21, 0, 0, 1, 0, 0, 0, 0, 0, 10, 5, 2, 2, 0, 0, 0, 1
18.376488237622716, 13, 89, 5.846153846153846, 2, 0, 5, 0, 0, 2, 0, 0, 0, 0, 0, 4, 1, 3, 0, 0, 0, 0, 1
74.27519622015012, 54, 284, 4.2592592592592595, 8, 1, 28, 0, 0, 2, 1, 0, 0, 0, 0, 12, 9, 3, 1, 0, 0, 0, 1
30.197742817764468, 59, 304, 4.1525423728813555, 2, 0, 35, 1, 0, 0, 0, 0, 0, 0, 0, 11, 10, 6, 4, 0, 0, 0, 1
9.476377331855822, 6, 45, 6.5, 1, 0, 2, 0, 0, 0, 0, 0, 0, 0, 0, 2, 1, 1, 1, 0, 0, 0, 1
40.4068437114563, 37, 225, 5.081081081081081, 1, 0, 16, 1, 0, 3, 0, 0, 0, 1, 1, 9, 8, 4, 1, 0, 0, 1, 1
21.053941769127793, 30, 170, 4.666666666666667, 2, 0, 15, 0, 0, 1, 0, 0, 0, 0, 0, 4, 3, 7, 3, 0, 1, 0, 1
23.323408914615086, 16, 94, 4.875, 2, 0, 9, 0, 0, 0, 0, 0, 0, 1, 0, 5, 1, 1, 1, 0, 0, 0, 1
5.359858962882889, 18, 101, 4.611111111111111, 0, 0, 10, 0, 0, 1, 0, 0, 0, 0, 0, 6, 1, 2, 1, 0, 0, 0, 1
11.561898099955712, 22, 122, 4.545454545454546, 2, 0, 9, 0, 0, 0, 0, 0, 0, 0, 0, 6, 4, 2, 1, 0, 0, 1, 1
12.459891932193894, 21, 124, 4.9523809523809526, 0, 0, 12, 0, 0, 0, 0, 0, 0, 0, 0, 3, 4, 1, 2, 0, 0, 0, 1
30.153610016946804, 35, 184, 4.257142857142857, 3, 0, 21, 0, 0, 0, 0, 0, 0, 0, 0, 4, 7, 4, 1, 0, 0, 0, 1
12.462780302268213, 38, 188, 3.9473684210526314, 1, 2, 24, 1, 0, 0, 0, 0, 0, 0, 0, 6, 7, 0, 6, 0, 0, 0, 1
8.595070504763786, 7, 32, 3.5714285714285716, 1, 0, 4, 0, 0, 1, 0, 0, 0, 0, 0, 3, 0, 0, 1, 0, 0, 0, 1
39.0769020291099, 48, 265, 4.520833333333333, 3, 1, 26, 0, 1, 0, 0, 0, 0, 1, 1, 11, 13, 5, 2, 1, 0, 0, 1
46.83165980773632, 71, 381, 4.366197183098592, 3, 1, 32, 0, 0, 2, 0, 0, 0, 0, 0, 20, 8, 8, 5, 0, 0, 0, 1
61.39410457431004, 57, 253, 3.456140350877193, 8, 1, 36, 0, 0, 2, 0, 0, 0, 0, 0, 7, 9, 2, 9, 0, 0, 0, 1
8.298071236773657, 26, 141, 4.423076923076923, 1, 1, 14, 0, 0, 0, 0, 0, 0, 0, 0, 5, 4, 2, 4, 0, 0, 1, 1
30.030690824597087, 40, 205, 4.125, 3, 2, 20, 0, 0, 1, 0, 0, 0, 0, 1, 9, 8, 3, 3, 1, 0, 0, 1
21.819930127586534, 21, 124, 4.904761904761905, 2, 0, 9, 0, 0, 5, 1, 0, 0, 0, 0, 8, 1, 4, 0, 0, 0, 0, 1
22.37626817491518, 16, 116, 6.25, 2, 0, 5, 0, 0, 0, 1, 0, 0, 0, 0, 4, 3, 4, 2, 1, 0, 0, 1
13.064959008194021, 17, 87, 4.117647058823529, 1, 0, 8, 0, 0, 2, 1, 0, 0, 0, 0, 6, 2, 2, 1, 0, 0, 0, 1
280.8413083225496, 211, 1128, 4.331753554502369, 33, 3, 121, 0, 1, 13, 1, 0, 1, 0, 0, 47, 39, 10, 13, 0, 0, 1, 1
29.050576188125095, 47, 239, 4.085106382978723, 2, 0, 26, 0, 0, 3, 1, 0, 0, 0, 0, 11, 5, 6, 2, 1, 0, 0, 1
30.38748823713532, 55, 301, 4.472727272727273, 2, 1, 31, 0, 0, 2, 1, 0, 0, 0, 0, 11, 10, 5, 2, 0, 0, 0, 1
46.67492702906879, 38, 229, 5.026315789473684, 2, 0, 17, 0, 0, 3, 1, 0, 0, 1, 1, 9, 8, 4, 1, 0, 0, 1, 1
14.392497826857579, 18, 90, 4.0, 2, 1, 8, 0, 0, 0, 1, 0, 0, 0, 0, 4, 3, 2, 0, 0, 0, 0, 1
7.690005162367935, 13, 71, 4.461538461538462, 1, 0, 6, 0, 0, 0, 1, 0, 0, 0, 0, 4, 3, 0, 1, 0, 0, 0, 1
126.46449682519531, 82, 387, 3.7195121951219514, 18, 1, 46, 0, 0, 2, 1, 0, 0, 0, 0, 15, 11, 4, 10, 0, 0, 0, 1
12.64134935540643, 27, 163, 5.037037037037037, 1, 0, 15, 0, 0, 0, 1, 0, 0, 0, 0, 7, 3, 3, 2, 1, 0, 0, 1
8.849466741557325, 9, 47, 4.222222222222222, 1, 0, 4, 0, 0, 1, 0, 0, 0, 0, 0, 4, 1, 1, 0, 0, 0, 0, 1
20.672831009539085, 16, 105, 5.5625, 2, 1, 9, 0, 0, 1, 0, 0, 0, 0, 0, 7, 1, 0, 1, 0, 0, 0, 1
16.21891503374021, 8, 54, 5.75, 2, 0, 2, 0, 0, 0, 0, 0, 0, 0, 0, 3, 0, 2, 1, 0, 0, 0, 1
52.76640343611674, 53, 276, 4.2075471698113205, 3, 1, 28, 0, 0, 1, 0, 0, 0, 0, 0, 10, 14, 3, 1, 0, 0, 0, 1
11.474061846254463, 14, 78, 4.571428571428571, 1, 0, 7, 0, 0, 1, 0, 0, 0, 0, 0, 3, 2, 2, 1, 0, 0, 0, 1
17.785679167545624, 12, 71, 4.916666666666667, 2, 1, 6, 0, 0, 0, 0, 0, 0, 0, 0, 3, 2, 2, 0, 0, 0, 0, 1
65.47856479820557, 74, 404, 4.45945945945946, 7, 1, 44, 0, 0, 1, 0, 0, 0, 0, 1, 16, 16, 2, 5, 0, 0, 1, 1
14.711481509048726, 17, 95, 4.588235294117647, 1, 0, 9, 0, 0, 1, 0, 0, 0, 0, 0, 6, 3, 1, 0, 0, 0, 0, 1
27.127905552852773, 42, 212, 4.0476190476190474, 3, 1, 27, 0, 0, 1, 0, 0, 0, 0, 0, 9, 5, 2, 3, 0, 0, 0, 1
21.72297087447276, 13, 63, 3.8461538461538463, 3, 0, 8, 0, 0, 2, 0, 0, 0, 0, 0, 4, 2, 0, 1, 0, 0, 0, 1
14.940933868304096, 13, 67, 4.153846153846154, 2, 0, 5, 0, 0, 0, 0, 0, 0, 0, 0, 4, 3, 0, 1, 0, 0, 0, 1
31.896280249323677, 29, 178, 5.137931034482759, 1, 0, 12, 0, 0, 3, 0, 0, 0, 1, 1, 7, 7, 2, 1, 0, 0, 1, 1
140.8552251327634, 121, 629, 4.198347107438017, 21, 2, 68, 0, 0, 3, 0, 0, 0, 0, 0, 28, 19, 7, 12, 0, 1, 1, 1
12.6716911215804, 21, 114, 4.428571428571429, 1, 0, 13, 0, 0, 0, 0, 0, 0, 0, 0, 4, 4, 1, 2, 0, 0, 0, 1
25.726730380186925, 37, 189, 4.108108108108108, 3, 0, 23, 0, 0, 0, 0, 0, 0, 0, 0, 3, 10, 2, 4, 0, 0, 1, 1
9.360983059274126, 10, 55, 4.5, 1, 0, 6, 0, 0, 1, 0, 0, 0, 0, 0, 2, 2, 0, 0, 0, 0, 0, 1
12.551782421027228, 16, 80, 4.0, 1, 0, 7, 0, 0, 3, 0, 0, 0, 0, 0, 4, 4, 0, 2, 0, 0, 0, 1
41.182739862776494, 34, 184, 4.411764705882353, 5, 1, 16, 0, 0, 1, 0, 0, 0, 0, 0, 12, 6, 3, 1, 0, 0, 1, 1
10.909590962493516, 18, 92, 4.111111111111111, 1, 1, 10, 0, 0, 0, 0, 0, 0, 0, 0, 5, 2, 3, 1, 0, 0, 1, 1
15.09460470378719, 28, 146, 4.214285714285714, 2, 0, 14, 0, 0, 3, 0, 0, 0, 0, 0, 7, 2, 4, 1, 1, 0, 0, 1
2.013296890413867, 12, 54, 3.5, 0, 0, 7, 1, 0, 0, 0, 0, 0, 0, 0, 1, 3, 1, 2, 0, 0, 0, 1
50.42884419710391, 46, 246, 4.3478260869565215, 7, 0, 23, 0, 0, 0, 0, 0, 0, 0, 0, 14, 13, 0, 2, 0, 0, 1, 1
41.58915738731304, 31, 158, 4.096774193548387, 6, 1, 18, 0, 0, 3, 0, 0, 0, 0, 0, 6, 6, 2, 3, 0, 0, 1, 1
96.58325463146339, 77, 414, 4.376623376623376, 14, 0, 38, 0, 0, 3, 0, 1, 1, 0, 0, 23, 9, 6, 2, 1, 1, 1, 1
10.699728882895723, 8, 39, 3.875, 1, 0, 3, 0, 0, 0, 0, 0, 0, 0, 0, 1, 2, 0, 0, 0, 0, 0, 1
27.015817588214475, 22, 111, 4.045454545454546, 3, 1, 13, 0, 0, 2, 0, 0, 0, 0, 0, 5, 5, 1, 2, 0, 0, 0, 1
12.193498351402027, 12, 72, 5.0, 1, 1, 6, 0, 0, 0, 0, 0, 0, 0, 0, 1, 3, 1, 1, 0, 0, 0, 1
18.156105095324122, 31, 150, 3.838709677419355, 2, 1, 18, 0, 0, 1, 0, 0, 0, 0, 1, 4, 5, 2, 3, 0, 0, 0, 1
43.10881476927922, 20, 110, 4.5, 7, 0, 10, 0, 0, 0, 0, 0, 0, 0, 0, 7, 3, 0, 0, 0, 0, 1, 1
18.764339928608614, 31, 164, 4.290322580645161, 2, 0, 17, 0, 0, 0, 0, 0, 0, 0, 0, 6, 6, 2, 3, 0, 1, 0, 1
9.170489935941212, 26, 135, 4.1923076923076925, 1, 0, 16, 0, 0, 1, 0, 0, 0, 0, 0, 3, 6, 2, 1, 0, 0, 1, 1
50.559221092823705, 21, 103, 3.9047619047619047, 7, 0, 15, 0, 0, 0, 0, 0, 0, 0, 0, 4, 6, 1, 2, 0, 0, 1, 1
19.771071526304567, 43, 221, 4.1395348837209305, 2, 0, 24, 0, 0, 1, 0, 0, 0, 1, 0, 10, 6, 3, 1, 0, 0, 0, 1
22.682133687188028, 17, 102, 5.0, 2, 1, 10, 0, 0, 0, 1, 0, 0, 0, 0, 3, 5, 1, 2, 0, 0, 0, 1
25.320834996416316, 32, 193, 5.03125, 2, 1, 16, 0, 0, 4, 0, 0, 0, 0, 0, 8, 7, 2, 0, 0, 0, 0, 1
20.632032644900644, 36, 193, 4.361111111111111, 2, 1, 20, 0, 0, 2, 0, 0, 0, 0, 1, 9, 5, 2, 1, 0, 0, 0, 1
1.638057885327071, 48, 258, 4.375, 1, 1, 27, 0, 0, 1, 0, 0, 0, 0, 0, 9, 8, 5, 3, 0, 0, 0, 0
10.383787950381015, 7, 34, 3.857142857142857, 2, 0, 4, 0, 0, 0, 0, 0, 0, 0, 0, 2, 2, 0, 1, 0, 0, 1, 0
-0.4392211720327859, 14, 68, 3.857142857142857, 1, 0, 8, 0, 0, 0, 0, 0, 0, 0, 0, 1, 6, 0, 2, 0, 0, 1, 0
12.369524375417955, 26, 120, 3.6153846153846154, 3, 1, 11, 0, 0, 0, 0, 0, 0, 0, 1, 6, 1, 6, 0, 0, 0, 0, 0
14.455230035079365, 33, 153, 3.6363636363636362, 2, 0, 20, 0, 0, 1, 0, 0, 0, 0, 0, 2, 5, 2, 6, 0, 0, 0, 0
19.300991809483403, 23, 117, 4.086956521739131, 3, 0, 15, 0, 0, 1, 0, 0, 0, 0, 0, 4, 6, 1, 3, 0, 0, 0, 0
16.02923495969175, 17, 87, 4.117647058823529, 3, 0, 8, 0, 0, 0, 0, 0, 0, 0, 0, 4, 3, 0, 2, 0, 0, 0, 0
9.73124434476918, 16, 89, 4.5625, 2, 0, 10, 0, 0, 0, 1, 0, 0, 0, 0, 2, 3, 0, 1, 0, 0, 0, 0
24.28312838948576, 17, 82, 3.823529411764706, 4, 0, 9, 0, 1, 0, 0, 0, 0, 0, 0, 2, 5, 2, 2, 0, 0, 0, 0
16.14658584004455, 17, 77, 3.5294117647058822, 2, 0, 11, 0, 0, 0, 0, 0, 0, 0, 0, 4, 3, 1, 2, 1, 0, 0, 0
7.838254918912781, 18, 101, 4.611111111111111, 2, 1, 10, 0, 0, 1, 0, 0, 0, 0, 0, 3, 4, 2, 0, 0, 1, 0, 0
14.111380222291052, 8, 33, 3.125, 2, 0, 5, 0, 0, 0, 0, 0, 0, 0, 0, 1, 3, 0, 1, 0, 0, 0, 0
3.2033630174732117, 18, 81, 3.5, 1, 0, 12, 0, 0, 0, 0, 0, 0, 0, 0, 2, 3, 1, 2, 0, 0, 0, 0
27.72568943228446, 18, 79, 3.388888888888889, 4, 1, 12, 0, 0, 0, 0, 0, 0, 0, 0, 4, 4, 2, 1, 0, 0, 0, 0
22.950725880929777, 20, 107, 4.35, 4, 0, 9, 0, 0, 1, 0, 0, 0, 0, 0, 6, 5, 1, 1, 0, 0, 0, 0
26.46658063641382, 18, 99, 4.5, 4, 0, 12, 0, 0, 0, 0, 0, 0, 0, 1, 2, 4, 2, 4, 0, 0, 0, 0
18.69438982240912, 12, 72, 5.0, 4, 0, 4, 0, 1, 0, 0, 0, 0, 0, 0, 6, 2, 0, 1, 0, 0, 1, 0
6.726361270636637, 17, 90, 4.294117647058823, 1, 0, 11, 0, 0, 0, 0, 0, 0, 0, 0, 4, 4, 0, 0, 0, 0, 0, 0
12.062468773451824, 9, 39, 3.3333333333333335, 3, 0, 4, 0, 0, 0, 0, 0, 0, 0, 0, 3, 2, 1, 0, 0, 0, 1, 0
1.7531350441606086, 10, 55, 4.5, 1, 0, 7, 0, 0, 0, 0, 0, 0, 0, 0, 2, 2, 0, 1, 0, 0, 1, 0
19.52518522336427, 23, 114, 3.9565217391304346, 4, 0, 14, 0, 0, 0, 0, 0, 0, 0, 0, 2, 5, 2, 2, 0, 0, 1, 0
-2.3717255138978013, 14, 72, 4.142857142857143, 1, 0, 8, 0, 1, 0, 0, 0, 0, 0, 0, 3, 4, 1, 1, 0, 0, 1, 0
13.107052503887099, 21, 97, 3.619047619047619, 2, 1, 12, 0, 0, 1, 0, 0, 0, 0, 0, 4, 4, 2, 2, 0, 0, 0, 0
30.30280973601027, 17, 82, 3.823529411764706, 5, 0, 8, 0, 1, 0, 0, 0, 0, 0, 1, 3, 4, 2, 2, 0, 1, 1, 0
3.295496267811662, 8, 55, 5.875, 1, 0, 3, 0, 0, 0, 0, 0, 0, 0, 0, 3, 2, 0, 1, 0, 0, 1, 0
7.530636403457338, 18, 101, 4.611111111111111, 2, 0, 10, 0, 0, 0, 0, 0, 0, 0, 0, 4, 2, 0, 3, 0, 0, 0, 0
5.664482961310609, 15, 83, 4.533333333333333, 2, 0, 7, 0, 0, 0, 0, 0, 0, 0, 0, 5, 2, 1, 0, 0, 0, 1, 0
-1.417157614602758, 38, 199, 4.2368421052631575, 2, 0, 22, 0, 0, 0, 0, 0, 0, 0, 1, 9, 6, 0, 2, 0, 0, 1, 0
14.59941481417256, 16, 104, 5.5, 2, 0, 6, 0, 0, 0, 0, 0, 0, 1, 1, 5, 3, 3, 0, 0, 0, 1, 0
13.124259845334581, 39, 222, 4.6923076923076925, 3, 2, 18, 0, 0, 0, 0, 0, 0, 0, 1, 7, 8, 5, 3, 0, 0, 1, 0
29.771488117269087, 27, 134, 3.962962962962963, 5, 1, 14, 0, 1, 1, 0, 0, 0, 0, 0, 4, 7, 2, 1, 1, 0, 1, 0
5.012500024281217, 5, 33, 5.6, 1, 0, 2, 0, 0, 0, 0, 0, 0, 0, 0, 1, 1, 1, 1, 1, 0, 0, 0
17.248430236243085, 23, 125, 4.434782608695652, 3, 0, 10, 0, 0, 1, 0, 0, 0, 0, 1, 8, 6, 1, 2, 0, 0, 1, 0
14.58217954850249, 32, 190, 4.9375, 3, 1, 17, 0, 0, 0, 0, 0, 0, 0, 1, 9, 8, 0, 3, 0, 0, 1, 0
10.430102794420673, 45, 237, 4.266666666666667, 3, 0, 25, 0, 0, 1, 0, 0, 0, 0, 1, 6, 8, 0, 5, 0, 0, 1, 0
17.94601707024113, 15, 103, 5.866666666666666, 2, 0, 6, 0, 0, 0, 0, 0, 0, 1, 1, 4, 4, 3, 0, 0, 0, 1, 0
3.627740909298621, 92, 508, 4.521739130434782, 4, 4, 54, 0, 0, 0, 0, 0, 0, 0, 1, 17, 19, 9, 4, 1, 1, 1, 0
4.754860815539993, 8, 43, 4.375, 1, 0, 6, 0, 0, 0, 0, 0, 0, 0, 0, 2, 0, 0, 0, 0, 0, 0, 0
16.538562985711607, 9, 41, 3.5555555555555554, 3, 0, 4, 0, 1, 0, 0, 0, 0, 0, 0, 2, 3, 0, 0, 0, 0, 1, 0
6.35340322418661, 5, 26, 4.2, 1, 1, 2, 0, 0, 0, 0, 0, 0, 0, 0, 1, 1, 1, 1, 1, 0, 1, 0
6.111661259024677, 10, 54, 4.4, 1, 0, 7, 0, 0, 0, 0, 0, 0, 0, 0, 1, 1, 1, 0, 0, 0, 0, 0
1.7396972281880876, 26, 125, 3.8076923076923075, 1, 0, 18, 0, 0, 0, 0, 0, 0, 0, 0, 4, 5, 0, 2, 0, 0, 0, 0
5.792638891042059, 9, 42, 3.6666666666666665, 1, 0, 5, 0, 0, 0, 0, 0, 0, 0, 0, 1, 4, 0, 0, 0, 0, 0, 0
6.588690325091418, 19, 97, 4.105263157894737, 1, 0, 12, 0, 0, 0, 0, 0, 0, 0, 0, 4, 4, 1, 0, 1, 0, 1, 0
14.859357520281499, 14, 85, 5.071428571428571, 3, 0, 6, 0, 0, 0, 0, 0, 0, 0, 1, 5, 2, 1, 1, 0, 0, 1, 0
15.265820977559894, 33, 169, 4.121212121212121, 3, 1, 18, 0, 0, 0, 0, 0, 0, 0, 0, 8, 9, 1, 1, 0, 0, 1, 0
9.043172022973382, 21, 105, 4.0, 3, 2, 11, 0, 0, 0, 0, 0, 0, 0, 0, 4, 4, 3, 2, 0, 1, 1, 0
6.354081728508355, 6, 26, 3.3333333333333335, 1, 0, 5, 0, 0, 0, 0, 0, 0, 0, 0, 0, 3, 0, 1, 0, 0, 1, 0
17.317912984351253, 7, 33, 3.7142857142857144, 3, 1, 3, 0, 0, 0, 0, 0, 0, 0, 0, 3, 1, 0, 1, 0, 0, 1, 0
1.4988415970765716, 16, 76, 3.8125, 1, 0, 10, 0, 0, 0, 0, 0, 0, 0, 0, 0, 5, 1, 1, 0, 0, 1, 0
