llr, words, chars, wd_len_agg, capitals, quantifiers, sw, begins_with_sw, has_diag, abs, has_quotations, has_parenthesis, has_colon, has_dash, has_semicolon, nouns, verbs, adj, adv, has_comp, has_super, has_pp
24.893051202627053, 29, 159, 4.517241379310345, 2, 3, 13, 0, 0, 0, 0, 0, 0, 0, 0, 7, 6, 4, 2, 0, 0, 1
16.66743065213955, 7, 48, 6.0, 1, 0, 2, 0, 0, 1, 0, 0, 0, 0, 0, 3, 2, 0, 0, 0, 0, 0
14.500201613003675, 10, 64, 5.5, 2, 0, 4, 0, 0, 0, 0, 0, 0, 1, 0, 1, 3, 0, 3, 0, 0, 1
23.13282047163802, 17, 91, 4.411764705882353, 3, 0, 7, 0, 0, 0, 0, 0, 0, 0, 0, 4, 4, 3, 1, 1, 0, 1
18.196873288702005, 25, 138, 4.56, 1, 1, 13, 0, 0, 0, 0, 0, 0, 1, 0, 5, 4, 2, 3, 0, 0, 1
20.699785527252565, 28, 162, 4.821428571428571, 2, 0, 12, 0, 0, 0, 0, 0, 0, 1, 0, 8, 3, 3, 1, 0, 0, 1
18.119518133701508, 10, 41, 3.2, 3, 0, 7, 0, 0, 0, 0, 0, 0, 0, 0, 0, 2, 0, 3, 1, 0, 1
17.692430744970903, 8, 45, 4.75, 1, 0, 4, 0, 0, 0, 0, 0, 0, 0, 0, 3, 1, 1, 0, 0, 0, 1
16.98727026818871, 11, 63, 4.818181818181818, 2, 1, 5, 0, 0, 0, 0, 0, 0, 0, 0, 2, 2, 2, 0, 0, 0, 1
18.53940617187243, 29, 158, 4.482758620689655, 2, 0, 15, 0, 0, 0, 0, 0, 0, 0, 0, 8, 3, 2, 2, 0, 0, 1
12.487988200688788, 3, 21, 6.333333333333333, 1, 0, 1, 0, 0, 0, 0, 0, 0, 0, 0, 1, 1, 0, 0, 0, 0, 0
14.117517277484525, 12, 66, 4.583333333333333, 3, 0, 4, 0, 0, 0, 0, 0, 0, 0, 0, 5, 3, 1, 1, 0, 0, 1
23.398459518463405, 24, 149, 5.25, 2, 0, 11, 0, 0, 0, 0, 0, 0, 0, 0, 6, 5, 3, 4, 0, 0, 1
17.681371668467133, 16, 94, 4.9375, 1, 0, 8, 0, 0, 0, 0, 0, 0, 1, 0, 4, 1, 3, 2, 0, 0, 1
16.543226411197406, 18, 130, 6.277777777777778, 1, 0, 7, 0, 0, 0, 0, 0, 0, 0, 0, 4, 3, 2, 2, 0, 0, 1
23.250449232090993, 23, 144, 5.304347826086956, 1, 0, 8, 0, 0, 1, 0, 0, 0, 0, 0, 10, 3, 2, 0, 0, 0, 1
7.68861982017444, 20, 118, 4.95, 1, 0, 8, 0, 0, 0, 0, 0, 0, 0, 0, 4, 4, 4, 0, 0, 0, 1
12.807086633796736, 26, 145, 4.615384615384615, 1, 0, 16, 0, 0, 0, 0, 0, 0, 0, 0, 4, 6, 1, 2, 0, 0, 1
15.58546788073206, 24, 119, 4.0, 1, 1, 15, 0, 0, 0, 0, 0, 0, 0, 0, 7, 2, 1, 0, 0, 0, 0
18.04817009793161, 31, 177, 4.741935483870968, 1, 0, 16, 0, 0, 0, 0, 0, 0, 0, 0, 5, 7, 3, 2, 0, 0, 1
11.61481707873752, 5, 21, 3.4, 1, 0, 3, 0, 0, 0, 0, 0, 0, 0, 0, 1, 2, 0, 0, 0, 0, 1
10.395741246765127, 13, 70, 4.461538461538462, 1, 0, 7, 0, 0, 0, 0, 0, 0, 0, 0, 4, 2, 0, 0, 0, 0, 1
22.92584946528461, 22, 128, 4.863636363636363, 2, 0, 10, 0, 1, 0, 0, 1, 0, 0, 1, 4, 6, 2, 1, 0, 0, 1
24.76155289817454, 34, 202, 4.970588235294118, 1, 1, 16, 0, 0, 0, 0, 0, 0, 1, 0, 11, 5, 2, 1, 0, 0, 1
17.919524236919713, 26, 132, 4.115384615384615, 1, 1, 16, 0, 0, 0, 0, 0, 0, 0, 0, 6, 4, 0, 3, 0, 0, 1
15.659984462776588, 24, 143, 5.0, 1, 1, 9, 0, 0, 0, 0, 0, 0, 0, 0, 6, 4, 5, 0, 0, 0, 0
11.220107110413357, 4, 16, 3.25, 2, 0, 0, 0, 0, 0, 0, 0, 0, 0, 0, 2, 1, 0, 1, 0, 0, 0
3.7796376568513406, 4, 20, 4.25, 1, 0, 0, 0, 0, 0, 0, 0, 0, 0, 0, 2, 0, 1, 0, 0, 0, 0
11.919898353015178, 10, 54, 4.5, 1, 0, 4, 0, 0, 0, 0, 0, 0, 0, 0, 2, 2, 0, 1, 0, 0, 0
24.98366174776743, 26, 136, 4.269230769230769, 2, 0, 15, 0, 0, 0, 0, 0, 0, 0, 0, 8, 4, 0, 1, 0, 0, 1
18.843185336634367, 23, 145, 5.3478260869565215, 1, 0, 9, 0, 0, 0, 0, 0, 0, 1, 0, 7, 5, 1, 0, 0, 0, 1
21.944983181083536, 17, 114, 5.764705882352941, 1, 0, 7, 0, 0, 1, 0, 0, 0, 1, 0, 6, 2, 2, 0, 0, 0, 1
11.903519288792307, 6, 36, 5.166666666666667, 1, 0, 4, 0, 0, 0, 0, 0, 0, 0, 0, 1, 1, 0, 0, 0, 0, 1
14.750620670198728, 16, 78, 3.9375, 2, 1, 7, 0, 0, 0, 0, 0, 0, 0, 0, 3, 2, 1, 2, 0, 1, 1
11.85814194800127, 14, 67, 3.857142857142857, 1, 0, 8, 0, 0, 0, 0, 0, 0, 0, 0, 2, 3, 1, 2, 0, 1, 0
8.96770031991381, 10, 41, 3.2, 1, 0, 6, 0, 0, 0, 0, 0, 0, 0, 0, 0, 4, 1, 0, 0, 0, 1
21.123010564703815, 20, 113, 4.7, 2, 0, 12, 0, 0, 0, 0, 0, 0, 0, 0, 2, 6, 2, 2, 0, 0, 1
6.012326370435759, 20, 114, 4.75, 1, 0, 9, 0, 0, 0, 0, 0, 0, 0, 0, 2, 5, 1, 3, 0, 0, 0
10.635372441889592, 8, 49, 5.25, 1, 0, 4, 0, 0, 0, 0, 0, 0, 0, 0, 3, 1, 1, 0, 0, 0, 0
19.975767534013734, 14, 77, 4.571428571428571, 1, 0, 6, 0, 0, 1, 0, 0, 0, 0, 0, 3, 4, 2, 0, 0, 0, 0
14.377692508048462, 8, 42, 4.375, 1, 0, 2, 0, 0, 0, 0, 0, 0, 0, 0, 3, 1, 2, 0, 0, 0, 0
24.19451363507486, 15, 96, 5.466666666666667, 2, 1, 7, 0, 0, 0, 0, 0, 0, 0, 0, 3, 5, 1, 1, 0, 0, 1
6.552224975056451, 8, 42, 4.375, 1, 1, 4, 0, 0, 0, 0, 0, 0, 0, 0, 2, 2, 1, 0, 0, 0, 0
24.300004695686933, 15, 90, 5.066666666666666, 1, 1, 6, 0, 0, 0, 0, 0, 0, 0, 0, 4, 4, 1, 0, 0, 0, 0
24.258773314621372, 24, 137, 4.75, 3, 0, 10, 0, 0, 0, 0, 0, 0, 0, 0, 6, 5, 3, 1, 0, 0, 1
14.675898228059557, 9, 43, 3.888888888888889, 1, 0, 4, 0, 0, 0, 0, 0, 0, 0, 0, 2, 3, 0, 0, 0, 0, 1
4.129700993144493, 8, 33, 3.25, 1, 0, 4, 0, 0, 0, 0, 0, 0, 0, 0, 0, 2, 0, 3, 0, 0, 1
22.462192639054177, 27, 160, 4.962962962962963, 1, 0, 16, 0, 0, 1, 0, 0, 0, 0, 0, 3, 6, 2, 0, 0, 0, 1
9.873674948333193, 16, 74, 3.6875, 2, 0, 9, 0, 1, 0, 0, 0, 0, 0, 0, 3, 4, 0, 3, 0, 0, 1
1.6670566853884283, 34, 176, 4.205882352941177, 1, 0, 14, 0, 0, 0, 0, 0, 0, 0, 0, 12, 4, 2, 2, 0, 0, 1
5.625415847263051, 4, 21, 4.5, 1, 0, 2, 0, 0, 0, 0, 0, 0, 0, 0, 1, 1, 0, 0, 0, 0, 0
21.934084461694663, 14, 77, 4.571428571428571, 2, 0, 6, 0, 0, 0, 0, 0, 0, 0, 0, 2, 4, 1, 1, 0, 0, 1
20.344077222226474, 12, 56, 3.75, 3, 0, 5, 0, 1, 0, 0, 0, 0, 0, 1, 2, 5, 0, 1, 0, 0, 1
23.758367589312556, 13, 61, 3.769230769230769, 3, 0, 6, 0, 0, 0, 0, 0, 0, 0, 0, 3, 2, 2, 2, 1, 0, 1
8.034817860101288, 24, 115, 3.8333333333333335, 1, 0, 13, 0, 0, 0, 0, 0, 0, 0, 0, 5, 4, 2, 0, 0, 0, 1
4.6595648703239405, 15, 62, 3.2, 2, 0, 9, 0, 0, 0, 0, 0, 0, 0, 0, 2, 3, 1, 2, 0, 0, 1
21.965996666144473, 8, 34, 3.375, 3, 1, 3, 0, 1, 0, 0, 0, 0, 0, 0, 3, 2, 0, 0, 0, 0, 1
10.042749241532004, 6, 43, 6.333333333333333, 1, 1, 1, 0, 0, 0, 0, 0, 0, 0, 0, 2, 2, 1, 1, 0, 1, 0
12.536166635224987, 2, 9, 4.0, 2, 0, 1, 0, 0, 0, 0, 0, 0, 0, 0, 1, 0, 0, 0, 0, 0, 0
20.17430176365917, 25, 156, 5.28, 2, 0, 7, 0, 0, 0, 0, 0, 0, 0, 0, 6, 6, 2, 3, 0, 0, 1
23.862006244246864, 23, 153, 5.695652173913044, 3, 0, 10, 0, 1, 0, 0, 0, 0, 0, 0, 7, 6, 1, 0, 0, 0, 1
17.491837019614103, 21, 113, 4.428571428571429, 1, 2, 11, 0, 0, 0, 0, 0, 0, 0, 0, 5, 4, 2, 0, 0, 0, 1
16.337010392820748, 23, 126, 4.521739130434782, 2, 0, 11, 0, 1, 0, 0, 0, 0, 0, 0, 5, 5, 2, 3, 0, 0, 1
18.57421373603849, 10, 46, 3.7, 1, 0, 3, 0, 0, 0, 0, 0, 0, 0, 0, 3, 1, 1, 0, 0, 0, 0
17.771652717931623, 4, 22, 4.75, 3, 0, 0, 0, 0, 0, 0, 0, 0, 0, 0, 3, 0, 1, 0, 0, 0, 0
17.270628839579484, 8, 46, 4.875, 2, 0, 3, 0, 0, 0, 0, 0, 0, 0, 0, 2, 3, 0, 0, 0, 0, 0
12.98129372738148, 12, 60, 4.083333333333333, 2, 0, 4, 0, 1, 0, 0, 0, 0, 0, 0, 3, 3, 1, 1, 0, 0, 1
19.535823686438366, 9, 51, 4.777777777777778, 3, 0, 4, 0, 0, 0, 0, 0, 0, 0, 0, 2, 2, 0, 0, 0, 0, 0
17.04765194457335, 10, 56, 4.7, 1, 0, 4, 0, 0, 0, 0, 0, 0, 0, 0, 3, 2, 1, 1, 0, 0, 0
1.9849830908126307, 7, 44, 5.428571428571429, 1, 0, 3, 0, 0, 0, 0, 0, 0, 0, 0, 1, 2, 1, 1, 0, 0, 1
12.203573530043018, 5, 18, 2.8, 2, 0, 2, 0, 0, 0, 0, 0, 0, 0, 0, 1, 1, 1, 0, 0, 0, 1
4.734173481340082, 17, 81, 3.823529411764706, 1, 0, 10, 0, 0, 0, 0, 0, 0, 0, 0, 4, 2, 1, 0, 0, 0, 1
21.919371421866547, 13, 78, 5.076923076923077, 3, 0, 5, 0, 0, 0, 0, 0, 0, 0, 0, 3, 3, 0, 2, 0, 0, 1
13.756953486927713, 7, 40, 4.857142857142857, 1, 0, 4, 0, 0, 0, 0, 0, 0, 0, 0, 1, 2, 0, 0, 0, 0, 1
22.136102176031216, 17, 94, 4.588235294117647, 2, 0, 7, 0, 0, 0, 0, 0, 0, 1, 0, 3, 5, 1, 2, 0, 0, 1
24.492014112273505, 16, 82, 4.1875, 3, 0, 8, 0, 0, 1, 0, 0, 0, 0, 0, 5, 5, 0, 0, 0, 0, 1
22.37079119109893, 28, 143, 4.142857142857143, 2, 0, 17, 0, 0, 0, 0, 0, 0, 0, 0, 7, 5, 0, 1, 0, 0, 1
20.451326309173616, 31, 169, 4.483870967741935, 1, 0, 13, 0, 0, 1, 0, 0, 0, 0, 0, 9, 3, 6, 0, 0, 0, 1
13.011660416693015, 13, 75, 4.846153846153846, 2, 0, 6, 0, 0, 0, 0, 0, 0, 0, 0, 4, 3, 0, 1, 0, 0, 1
20.88648432134619, 22, 141, 5.454545454545454, 2, 0, 8, 0, 0, 0, 0, 0, 0, 0, 0, 5, 4, 2, 3, 0, 0, 0
10.030832453729486, 19, 111, 4.894736842105263, 1, 0, 9, 0, 0, 0, 0, 0, 0, 0, 0, 6, 2, 1, 1, 0, 0, 0
14.594726913216011, 24, 152, 5.375, 1, 0, 12, 0, 0, 0, 0, 0, 0, 0, 0, 5, 6, 1, 0, 0, 0, 1
18.80424995283748, 3, 15, 4.333333333333333, 3, 0, 0, 0, 0, 0, 0, 0, 0, 0, 0, 3, 0, 0, 0, 0, 0, 0
24.340973740410742, 39, 228, 4.871794871794871, 1, 0, 21, 0, 0, 0, 0, 0, 0, 0, 0, 11, 6, 2, 1, 0, 0, 1
17.842135105136045, 9, 57, 5.444444444444445, 1, 0, 3, 0, 0, 0, 0, 0, 0, 0, 0, 3, 2, 1, 1, 0, 0, 1
23.8418949661381, 7, 59, 7.571428571428571, 2, 0, 0, 0, 0, 0, 0, 0, 0, 0, 0, 5, 1, 0, 1, 0, 0, 1
13.179943093061404, 17, 101, 5.0, 1, 1, 9, 0, 0, 0, 0, 0, 0, 0, 0, 3, 2, 1, 2, 0, 0, 1
7.116500286364977, 22, 119, 4.454545454545454, 2, 0, 12, 0, 0, 0, 0, 0, 0, 0, 0, 4, 4, 1, 1, 0, 0, 1
19.341738424662573, 45, 265, 4.911111111111111, 2, 1, 19, 0, 0, 0, 0, 0, 1, 0, 0, 12, 7, 3, 5, 0, 0, 1
21.323044928604617, 31, 168, 4.451612903225806, 3, 0, 12, 0, 1, 0, 0, 0, 0, 0, 0, 10, 5, 2, 2, 0, 0, 1
18.16847255595418, 11, 48, 3.4545454545454546, 3, 0, 5, 0, 0, 0, 0, 0, 0, 0, 0, 3, 3, 0, 0, 0, 0, 0
18.1031756507984, 35, 213, 5.114285714285714, 1, 0, 15, 0, 0, 0, 0, 0, 0, 1, 0, 8, 6, 4, 0, 0, 0, 1
21.455200738613286, 24, 144, 5.041666666666667, 1, 0, 9, 0, 1, 0, 0, 0, 0, 0, 0, 3, 6, 1, 4, 0, 0, 1
11.996480694437274, 7, 34, 4.0, 1, 0, 4, 0, 0, 0, 0, 0, 0, 0, 0, 1, 2, 0, 0, 0, 0, 0
20.436563537359817, 19, 94, 4.0, 2, 0, 7, 0, 0, 0, 0, 0, 0, 0, 0, 4, 4, 4, 1, 0, 0, 1
6.2680833176124935, 1, 11, 11.0, 1, 0, 0, 0, 0, 0, 0, 0, 0, 0, 0, 1, 0, 0, 0, 0, 0, 0
24.163680456309724, 15, 74, 4.0, 3, 0, 9, 0, 0, 0, 0, 0, 0, 0, 0, 4, 1, 2, 0, 1, 0, 1
5.496944593500544, 4, 17, 3.5, 1, 0, 2, 0, 0, 0, 0, 0, 0, 0, 0, 2, 0, 0, 0, 0, 0, 0
5.496944593500544, 2, 9, 4.0, 1, 1, 1, 0, 0, 0, 0, 0, 0, 0, 0, 1, 0, 0, 0, 0, 0, 0
18.22023288138057, 9, 48, 4.444444444444445, 2, 1, 4, 0, 0, 0, 0, 0, 0, 0, 0, 1, 1, 1, 2, 0, 0, 1
21.787179622814566, 9, 46, 4.222222222222222, 2, 0, 3, 0, 1, 0, 0, 0, 0, 0, 0, 3, 2, 0, 1, 0, 0, 1
6.2367579351103295, 3, 16, 4.666666666666667, 1, 0, 1, 0, 0, 0, 0, 0, 0, 0, 0, 2, 0, 0, 0, 0, 0, 0
8.509893134566413, 10, 52, 4.3, 1, 0, 5, 0, 0, 1, 0, 0, 0, 0, 0, 2, 3, 0, 1, 0, 0, 0
11.052774634816023, 6, 32, 4.5, 2, 0, 3, 0, 0, 0, 0, 0, 0, 0, 0, 1, 2, 0, 0, 0, 0, 1
9.273999042766993, 5, 33, 5.8, 2, 0, 1, 0, 0, 0, 0, 0, 0, 0, 0, 4, 0, 0, 0, 0, 0, 0
23.84184848031643, 27, 141, 4.2592592592592595, 2, 2, 13, 0, 0, 0, 0, 0, 0, 1, 0, 9, 3, 3, 0, 0, 0, 1
19.56501989817771, 37, 224, 5.081081081081081, 1, 0, 18, 0, 0, 0, 0, 0, 0, 1, 0, 9, 7, 2, 4, 0, 0, 1
13.070972829345815, 8, 43, 4.5, 2, 0, 3, 0, 0, 0, 0, 0, 0, 0, 0, 3, 2, 0, 1, 0, 0, 1
15.368448048145241, 32, 175, 4.5, 1, 0, 17, 0, 0, 0, 0, 0, 0, 0, 0, 8, 5, 3, 2, 0, 0, 1
16.291153999968664, 18, 117, 5.555555555555555, 1, 0, 9, 0, 0, 0, 0, 0, 0, 0, 0, 3, 3, 2, 4, 0, 0, 1
17.59581711619039, 21, 124, 4.9523809523809526, 2, 0, 13, 0, 0, 0, 0, 0, 0, 0, 0, 2, 4, 0, 3, 0, 0, 1
23.689674234597067, 22, 124, 4.681818181818182, 2, 0, 12, 0, 0, 0, 0, 0, 0, 0, 0, 4, 4, 1, 2, 0, 0, 1
6.334774524391349, 10, 49, 4.0, 1, 0, 5, 0, 0, 0, 0, 0, 0, 0, 0, 3, 1, 2, 0, 0, 0, 1
20.522336056518345, 26, 137, 4.3076923076923075, 1, 1, 16, 0, 0, 0, 0, 0, 0, 0, 0, 7, 3, 2, 1, 0, 1, 1
24.102413429147173, 24, 132, 4.541666666666667, 2, 0, 14, 0, 0, 0, 0, 0, 0, 0, 0, 4, 6, 2, 0, 0, 0, 1
8.317855955446719, 10, 58, 4.9, 1, 0, 4, 0, 0, 0, 0, 0, 0, 0, 0, 4, 1, 0, 0, 0, 0, 1
5.450930676342913, 7, 48, 6.0, 1, 0, 2, 0, 0, 0, 0, 0, 0, 0, 0, 2, 1, 3, 0, 0, 0, 1
18.797474113091376, 19, 121, 5.421052631578948, 1, 0, 11, 0, 0, 0, 0, 0, 0, 1, 0, 2, 5, 1, 1, 0, 0, 1
19.17659050095778, 30, 184, 5.166666666666667, 1, 1, 15, 0, 0, 0, 0, 0, 0, 1, 0, 8, 6, 3, 0, 0, 0, 1
12.130659406223742, 11, 73, 5.7272727272727275, 1, 0, 4, 0, 0, 0, 0, 0, 0, 0, 0, 5, 1, 1, 1, 0, 0, 1
15.30155204288206, 15, 99, 5.666666666666667, 1, 0, 8, 0, 0, 0, 0, 0, 0, 0, 0, 3, 3, 3, 1, 0, 0, 1
6.7952470212498275, 6, 26, 3.5, 1, 1, 4, 0, 0, 0, 0, 0, 0, 0, 0, 1, 2, 0, 0, 0, 0, 0
17.6633997249171, 35, 171, 3.914285714285714, 3, 0, 17, 0, 0, 1, 0, 0, 0, 0, 0, 11, 6, 2, 3, 0, 0, 1
6.2680833176124935, 1, 9, 9.0, 1, 0, 0, 0, 0, 0, 0, 0, 0, 0, 0, 1, 0, 0, 0, 0, 0, 0
14.447540466460481, 17, 99, 4.882352941176471, 1, 0, 7, 0, 1, 0, 0, 0, 0, 0, 0, 5, 3, 2, 1, 0, 0, 1
9.313532327915524, 32, 169, 4.3125, 1, 0, 15, 0, 1, 0, 0, 0, 0, 0, 0, 9, 4, 1, 3, 0, 0, 1
13.085330664284362, 9, 49, 4.555555555555555, 1, 0, 4, 0, 0, 0, 0, 0, 0, 0, 0, 3, 1, 0, 0, 0, 0, 0
7.65155658397915, 2, 12, 5.5, 1, 0, 1, 0, 0, 0, 0, 0, 0, 0, 0, 1, 0, 0, 0, 0, 0, 0
19.804133648888804, 14, 79, 4.714285714285714, 1, 1, 9, 0, 0, 0, 0, 0, 0, 0, 0, 1, 4, 0, 1, 0, 0, 1
3.4865215360541977, 11, 45, 3.1818181818181817, 1, 0, 8, 0, 0, 0, 0, 0, 0, 0, 0, 2, 1, 0, 3, 0, 0, 1
13.111825266700162, 4, 21, 4.5, 1, 0, 2, 0, 0, 0, 0, 0, 0, 0, 0, 2, 0, 0, 0, 0, 0, 0
20.953317652283, 10, 67, 5.8, 1, 1, 4, 0, 0, 0, 0, 0, 0, 0, 0, 1, 2, 1, 2, 0, 0, 0
3.831103765755635, 5, 26, 4.4, 1, 0, 2, 0, 0, 0, 0, 0, 0, 0, 0, 2, 1, 0, 0, 0, 0, 1
18.679502425419166, 14, 63, 3.5714285714285716, 2, 0, 9, 0, 0, 0, 0, 0, 0, 0, 0, 1, 4, 0, 1, 0, 0, 0
9.55315350656311, 12, 71, 5.0, 1, 0, 4, 0, 0, 0, 0, 0, 0, 0, 0, 4, 2, 0, 2, 0, 0, 1
23.448186223457437, 8, 51, 5.5, 3, 0, 2, 0, 0, 0, 0, 0, 0, 0, 0, 3, 1, 2, 1, 0, 0, 1
24.750326350577435, 16, 83, 4.25, 3, 0, 8, 0, 0, 0, 0, 0, 0, 0, 0, 3, 2, 0, 2, 0, 0, 1
10.158343283994464, 5, 27, 4.6, 1, 0, 2, 0, 0, 0, 0, 0, 0, 0, 0, 2, 1, 0, 0, 0, 0, 1
9.34162220638499, 23, 113, 3.9565217391304346, 1, 1, 13, 0, 0, 0, 0, 0, 0, 0, 0, 3, 4, 1, 2, 0, 0, 1
17.8305533392012, 10, 47, 3.8, 2, 0, 5, 0, 0, 0, 0, 0, 0, 0, 0, 1, 3, 1, 1, 0, 0, 1
16.922785132167547, 11, 58, 4.363636363636363, 1, 0, 6, 0, 0, 0, 0, 0, 0, 0, 0, 3, 2, 1, 0, 0, 0, 1
11.341747863031424, 5, 21, 3.4, 1, 0, 3, 0, 0, 0, 0, 0, 0, 0, 0, 0, 2, 0, 0, 0, 0, 1
16.860883698850156, 6, 29, 4.0, 2, 0, 4, 0, 1, 0, 0, 0, 0, 0, 0, 1, 2, 0, 0, 0, 0, 1
16.286207240523122, 7, 33, 3.857142857142857, 2, 0, 2, 0, 0, 0, 0, 0, 0, 0, 0, 0, 3, 1, 1, 0, 0, 1
19.816116950234367, 32, 187, 4.875, 2, 0, 16, 0, 0, 0, 0, 0, 0, 0, 0, 7, 5, 3, 2, 0, 0, 1
6.068948800997366, 7, 35, 4.142857142857143, 1, 0, 1, 0, 0, 0, 0, 0, 0, 0, 0, 2, 2, 0, 0, 0, 0, 1
19.075021776804306, 13, 55, 3.3076923076923075, 2, 1, 5, 0, 0, 0, 0, 0, 0, 0, 0, 4, 4, 0, 0, 0, 0, 1
21.359519039671824, 21, 101, 3.857142857142857, 2, 0, 11, 0, 0, 0, 0, 0, 0, 0, 0, 7, 2, 0, 1, 0, 0, 1
16.83907729556941, 21, 135, 5.476190476190476, 1, 3, 11, 0, 0, 0, 0, 0, 0, 0, 0, 2, 7, 4, 2, 0, 0, 1
6.2680833176124935, 1, 5, 5.0, 1, 0, 0, 0, 0, 0, 0, 0, 0, 0, 0, 1, 0, 0, 0, 0, 0, 0
17.04159834635143, 4, 24, 5.25, 3, 0, 0, 0, 0, 0, 0, 0, 0, 0, 0, 3, 1, 0, 0, 0, 0, 1
12.901796780103695, 6, 28, 3.8333333333333335, 2, 0, 2, 0, 1, 0, 0, 0, 0, 0, 0, 2, 1, 0, 0, 0, 0, 0
6.2680833176124935, 1, 5, 5.0, 1, 0, 0, 0, 0, 0, 0, 0, 0, 0, 0, 1, 0, 0, 0, 0, 0, 0
19.024723721017352, 13, 65, 4.076923076923077, 2, 0, 5, 0, 0, 0, 0, 0, 0, 0, 0, 5, 2, 0, 0, 0, 0, 1
7.683845589459543, 30, 180, 5.033333333333333, 1, 0, 12, 0, 0, 0, 0, 0, 0, 0, 0, 12, 3, 1, 0, 0, 0, 1
15.83044751360653, 14, 89, 5.428571428571429, 1, 0, 6, 0, 0, 0, 0, 0, 0, 0, 0, 4, 3, 2, 0, 1, 0, 0
9.981080551813822, 5, 37, 6.6, 1, 0, 2, 0, 0, 0, 0, 0, 0, 0, 0, 1, 2, 1, 0, 0, 0, 1
22.223810462339625, 29, 169, 4.862068965517241, 2, 1, 14, 0, 0, 0, 0, 0, 0, 0, 0, 8, 6, 1, 2, 0, 0, 1
23.630210283410015, 37, 224, 5.081081081081081, 4, 0, 16, 0, 1, 0, 0, 0, 1, 1, 0, 12, 4, 2, 2, 0, 0, 1
24.320692980671637, 29, 185, 5.413793103448276, 2, 3, 13, 0, 0, 0, 0, 0, 0, 0, 1, 5, 7, 3, 2, 0, 0, 1
14.730252880674591, 12, 76, 5.416666666666667, 1, 0, 6, 0, 0, 0, 0, 0, 1, 0, 0, 4, 3, 1, 0, 0, 0, 1
14.877841628529236, 9, 51, 4.777777777777778, 1, 0, 4, 0, 0, 0, 0, 0, 0, 0, 0, 3, 2, 0, 0, 0, 0, 1
15.345100779883378, 16, 100, 5.3125, 2, 0, 6, 0, 0, 0, 0, 0, 0, 0, 0, 6, 3, 1, 0, 0, 0, 1
10.928549489450846, 19, 82, 3.3684210526315788, 1, 0, 13, 0, 0, 0, 0, 0, 0, 0, 0, 1, 7, 1, 2, 0, 0, 1
3.834798020722166, 7, 35, 4.142857142857143, 1, 0, 3, 0, 0, 0, 0, 0, 0, 0, 0, 4, 1, 0, 0, 0, 0, 1
18.544436399704917, 19, 124, 5.578947368421052, 1, 0, 7, 0, 0, 0, 0, 0, 0, 1, 0, 6, 3, 3, 1, 0, 0, 0
21.715334542635564, 25, 151, 5.08, 2, 1, 8, 0, 0, 2, 0, 0, 0, 0, 0, 7, 6, 0, 1, 0, 0, 1
14.209561386690401, 11, 62, 4.7272727272727275, 1, 0, 6, 0, 0, 0, 0, 0, 0, 0, 0, 0, 4, 1, 0, 0, 0, 0
10.197385965841763, 11, 57, 4.2727272727272725, 1, 0, 4, 0, 0, 0, 0, 0, 0, 0, 0, 3, 4, 0, 0, 0, 0, 1
6.2939433697698215, 2, 16, 7.5, 1, 0, 0, 0, 0, 0, 0, 0, 0, 0, 0, 1, 1, 0, 0, 0, 0, 1
14.34122919317961, 7, 41, 5.0, 2, 1, 3, 0, 0, 0, 0, 0, 0, 0, 0, 1, 2, 0, 0, 0, 0, 0
18.765118266787404, 18, 117, 5.555555555555555, 2, 0, 7, 0, 0, 0, 0, 0, 0, 0, 0, 5, 5, 1, 3, 0, 0, 1
11.479739902790223, 15, 73, 3.933333333333333, 1, 0, 9, 0, 0, 0, 0, 0, 0, 0, 0, 3, 3, 0, 0, 0, 0, 1
7.028551877689546, 10, 50, 4.1, 1, 0, 5, 0, 0, 0, 0, 0, 0, 0, 0, 2, 2, 1, 0, 1, 0, 0
6.2680833176124935, 1, 12, 12.0, 1, 0, 0, 0, 0, 0, 0, 0, 0, 0, 0, 0, 1, 0, 0, 0, 0, 0
12.999094589254968, 7, 42, 5.142857142857143, 1, 0, 3, 0, 0, 1, 0, 0, 0, 0, 0, 1, 2, 1, 1, 0, 0, 1
9.553906262324894, 6, 37, 5.333333333333333, 1, 0, 1, 0, 0, 0, 0, 0, 0, 0, 0, 3, 0, 1, 1, 0, 0, 0
6.2680833176124935, 1, 12, 12.0, 1, 0, 0, 0, 0, 0, 0, 0, 0, 0, 0, 0, 0, 0, 1, 0, 0, 0
15.36001832998582, 6, 37, 5.333333333333333, 1, 0, 3, 0, 0, 0, 0, 0, 0, 1, 0, 2, 0, 1, 0, 0, 0, 0
7.059703083293476, 3, 12, 3.3333333333333335, 1, 0, 2, 0, 0, 0, 0, 0, 0, 0, 0, 0, 1, 0, 0, 0, 0, 1
14.225328999786099, 5, 29, 5.0, 2, 0, 2, 0, 0, 0, 0, 0, 0, 0, 0, 1, 1, 1, 0, 0, 0, 0
12.536166635224987, 2, 12, 5.5, 1, 0, 1, 0, 0, 0, 0, 0, 0, 0, 0, 1, 0, 0, 0, 0, 0, 0
7.757043142113457, 2, 17, 8.0, 1, 0, 1, 0, 0, 0, 0, 0, 0, 0, 0, 1, 0, 0, 0, 0, 0, 0
8.209828906411694, 2, 12, 5.5, 1, 0, 1, 0, 0, 0, 0, 0, 0, 0, 0, 1, 0, 0, 0, 0, 0, 0
10.062395321003294, 7, 39, 4.714285714285714, 1, 0, 3, 0, 0, 0, 0, 0, 0, 0, 0, 2, 2, 0, 1, 0, 0, 0
7.163321741691524, 5, 20, 3.2, 1, 0, 4, 0, 0, 0, 0, 0, 0, 0, 0, 0, 2, 0, 0, 0, 0, 0
22.68126524337266, 32, 189, 4.9375, 1, 1, 17, 0, 0, 0, 0, 0, 0, 0, 0, 6, 9, 1, 1, 0, 0, 1
5.8273645731676105, 5, 20, 3.2, 1, 0, 4, 0, 0, 0, 0, 0, 0, 0, 0, 0, 2, 0, 1, 0, 0, 1
6.2680833176124935, 1, 3, 3.0, 1, 0, 0, 0, 0, 0, 0, 0, 0, 0, 0, 1, 0, 0, 0, 0, 0, 0
6.2680833176124935, 1, 14, 14.0, 1, 0, 0, 0, 0, 0, 0, 0, 0, 0, 0, 1, 0, 0, 0, 0, 0, 0
6.709376700775596, 4, 15, 3.0, 1, 0, 3, 0, 0, 0, 0, 0, 0, 0, 0, 0, 2, 0, 0, 0, 0, 0
3.585761027466154, 6, 30, 4.166666666666667, 1, 0, 2, 0, 0, 0, 0, 0, 0, 0, 0, 1, 1, 1, 1, 0, 0, 1
6.661346330749391, 4, 15, 3.0, 1, 0, 1, 0, 0, 0, 0, 0, 0, 0, 0, 1, 1, 0, 1, 0, 0, 0
18.81044597845828, 12, 56, 3.75, 2, 0, 8, 0, 0, 0, 0, 0, 0, 0, 0, 3, 2, 0, 2, 0, 0, 0
7.420200237668145, 2, 11, 5.0, 1, 0, 0, 0, 0, 0, 0, 0, 0, 0, 0, 1, 0, 1, 0, 0, 0, 0
6.441603989855817, 6, 38, 5.5, 1, 0, 3, 0, 0, 0, 0, 0, 0, 0, 0, 2, 2, 0, 0, 0, 0, 1
16.24054636165218, 26, 145, 4.615384615384615, 1, 0, 12, 0, 0, 0, 0, 0, 0, 1, 0, 10, 6, 1, 0, 1, 0, 1
12.975617943480579, 26, 146, 4.653846153846154, 1, 0, 12, 0, 0, 0, 0, 0, 0, 0, 0, 7, 3, 4, 0, 0, 0, 1
12.536166635224987, 4, 24, 5.25, 1, 0, 3, 0, 0, 0, 0, 0, 0, 0, 0, 0, 1, 0, 2, 0, 0, 1
23.53474275700382, 37, 229, 5.216216216216216, 1, 0, 17, 0, 1, 0, 0, 0, 0, 1, 0, 10, 6, 4, 1, 0, 0, 1
17.418048034342778, 9, 53, 5.0, 2, 0, 5, 0, 0, 0, 0, 0, 0, 0, 0, 3, 0, 1, 0, 0, 0, 0
11.500743257934818, 6, 30, 4.166666666666667, 1, 0, 4, 0, 0, 0, 0, 0, 0, 0, 0, 1, 1, 1, 0, 0, 0, 0
5.108167865687012, 6, 27, 3.6666666666666665, 1, 0, 2, 0, 0, 0, 0, 0, 0, 0, 0, 1, 2, 0, 1, 0, 0, 1
15.844766938153192, 10, 48, 3.9, 2, 0, 3, 0, 0, 1, 0, 0, 0, 0, 0, 2, 3, 1, 0, 0, 0, 1
12.48346068131516, 24, 125, 4.25, 1, 0, 10, 0, 0, 1, 0, 0, 0, 0, 0, 5, 3, 2, 1, 0, 0, 1
23.065088216812303, 21, 136, 5.523809523809524, 1, 1, 9, 0, 0, 0, 0, 0, 0, 0, 0, 4, 3, 4, 1, 0, 0, 1
23.182391893672065, 26, 134, 4.1923076923076925, 1, 2, 13, 0, 0, 0, 0, 0, 0, 0, 0, 5, 6, 2, 1, 0, 0, 1
23.409742246331536, 13, 61, 3.769230769230769, 3, 0, 8, 0, 0, 0, 0, 0, 0, 0, 0, 2, 5, 0, 1, 0, 0, 0
7.992871852954982, 2, 22, 10.5, 1, 0, 0, 0, 0, 0, 0, 0, 0, 0, 0, 1, 0, 1, 0, 0, 0, 0
18.391382271608347, 7, 42, 5.142857142857143, 2, 1, 3, 0, 0, 0, 0, 0, 0, 0, 0, 1, 1, 2, 1, 0, 0, 0
22.47911285928321, 33, 190, 4.787878787878788, 1, 2, 18, 0, 0, 0, 0, 0, 0, 0, 0, 11, 3, 1, 1, 0, 0, 1
13.927567065993731, 20, 116, 4.85, 1, 1, 7, 0, 0, 0, 0, 0, 0, 0, 0, 4, 5, 2, 1, 0, 0, 1
12.060781661609917, 6, 37, 5.333333333333333, 1, 0, 1, 0, 0, 0, 0, 0, 0, 0, 0, 3, 1, 0, 0, 0, 0, 0
14.620759364487435, 31, 165, 4.354838709677419, 1, 0, 17, 0, 0, 0, 0, 0, 0, 0, 0, 4, 8, 3, 2, 1, 0, 1
18.511682437957987, 16, 110, 5.9375, 1, 1, 6, 0, 0, 0, 0, 0, 0, 1, 0, 5, 5, 1, 0, 0, 0, 1
8.9550571964763, 24, 132, 4.541666666666667, 1, 0, 9, 0, 0, 0, 0, 0, 0, 1, 0, 6, 4, 3, 0, 0, 0, 0
14.02071113338258, 24, 131, 4.5, 1, 0, 14, 0, 0, 0, 0, 0, 0, 0, 0, 5, 4, 1, 3, 0, 0, 1
23.13601177779348, 47, 247, 4.276595744680851, 1, 0, 22, 0, 1, 0, 0, 0, 0, 0, 0, 12, 10, 3, 0, 0, 0, 1
8.616939716756729, 15, 84, 4.666666666666667, 1, 1, 9, 0, 1, 0, 0, 0, 0, 0, 0, 3, 6, 1, 1, 0, 1, 1
17.673843230793036, 14, 91, 5.571428571428571, 1, 0, 5, 0, 0, 0, 0, 0, 0, 0, 0, 4, 1, 3, 0, 0, 0, 0
18.874183433500527, 28, 155, 4.571428571428571, 2, 0, 16, 0, 0, 0, 0, 0, 0, 0, 0, 4, 7, 0, 3, 0, 0, 1
22.28905169684257, 20, 138, 5.95, 2, 0, 7, 0, 0, 0, 0, 0, 0, 0, 0, 5, 5, 2, 2, 1, 0, 1
9.624447190250088, 13, 85, 5.615384615384615, 1, 0, 4, 0, 0, 0, 0, 0, 0, 0, 0, 6, 1, 2, 0, 0, 0, 0
20.09588892354597, 23, 145, 5.3478260869565215, 1, 0, 12, 0, 0, 0, 0, 0, 0, 0, 0, 6, 2, 3, 1, 0, 0, 1
12.262208434964458, 8, 47, 5.0, 1, 0, 4, 0, 0, 0, 0, 0, 0, 0, 0, 2, 1, 1, 1, 0, 0, 0
13.319418683173549, 12, 74, 5.25, 1, 0, 4, 0, 0, 0, 0, 0, 0, 0, 0, 3, 2, 2, 2, 0, 0, 1
17.26511534191479, 27, 158, 4.888888888888889, 1, 0, 11, 0, 0, 1, 0, 0, 0, 1, 0, 9, 4, 1, 1, 0, 0, 1
3.403495693098509, 4, 19, 4.0, 1, 0, 2, 0, 0, 0, 0, 0, 0, 0, 0, 0, 1, 0, 2, 0, 0, 1
17.105535938211204, 27, 169, 5.296296296296297, 1, 0, 12, 0, 0, 0, 0, 0, 0, 1, 0, 7, 4, 5, 0, 0, 0, 1
13.57907313043219, 20, 107, 4.4, 1, 1, 10, 0, 0, 0, 0, 0, 0, 0, 0, 3, 3, 3, 2, 0, 0, 1
24.622377825765717, 30, 176, 4.9, 2, 0, 17, 0, 0, 0, 0, 0, 0, 0, 0, 6, 4, 1, 2, 0, 0, 1
18.92062684677651, 24, 163, 5.833333333333333, 1, 0, 8, 0, 0, 0, 0, 0, 0, 0, 0, 8, 4, 3, 1, 0, 0, 1
18.26164216710919, 20, 104, 4.25, 2, 0, 10, 0, 0, 0, 0, 0, 0, 0, 0, 6, 5, 1, 0, 0, 0, 1
9.761992982968739, 4, 25, 5.5, 1, 0, 2, 0, 0, 0, 0, 0, 0, 0, 0, 1, 1, 1, 1, 1, 0, 0
18.573398465091994, 12, 61, 4.166666666666667, 2, 0, 5, 0, 0, 2, 0, 0, 0, 0, 0, 4, 2, 0, 1, 0, 0, 1
14.739787432095754, 9, 62, 6.0, 1, 0, 3, 0, 0, 0, 0, 0, 0, 0, 0, 3, 1, 1, 1, 0, 0, 1
22.06717635430145, 15, 98, 5.6, 1, 0, 8, 0, 0, 0, 0, 0, 0, 0, 0, 3, 4, 1, 1, 0, 0, 1
21.737270353067863, 17, 92, 4.470588235294118, 2, 0, 8, 0, 0, 0, 0, 0, 0, 0, 0, 5, 4, 1, 2, 0, 0, 1
19.220522660099228, 14, 83, 5.0, 1, 0, 8, 0, 0, 0, 0, 0, 0, 1, 0, 4, 2, 2, 1, 0, 0, 1
20.585639485919796, 24, 136, 4.708333333333333, 2, 1, 11, 0, 0, 0, 0, 0, 0, 0, 0, 5, 5, 2, 1, 0, 0, 1
8.946388176376725, 4, 22, 4.75, 1, 0, 1, 0, 0, 1, 0, 0, 0, 0, 0, 1, 1, 1, 0, 0, 0, 0
19.988470656104624, 17, 91, 4.411764705882353, 2, 0, 8, 0, 0, 0, 0, 0, 0, 0, 0, 5, 3, 2, 1, 0, 0, 1
21.78838922016432, 12, 59, 4.0, 4, 0, 8, 0, 0, 0, 0, 0, 0, 0, 0, 3, 1, 1, 0, 1, 0, 1
17.443563509011966, 18, 101, 4.666666666666667, 1, 0, 9, 0, 0, 0, 0, 0, 0, 0, 0, 7, 2, 0, 1, 0, 0, 1
10.796649925240832, 8, 49, 5.25, 2, 0, 2, 0, 0, 0, 0, 0, 0, 0, 0, 4, 1, 1, 0, 0, 0, 1
21.52406922437668, 15, 86, 4.8, 3, 1, 6, 0, 0, 0, 0, 1, 0, 0, 0, 6, 1, 0, 0, 0, 0, 0
22.79567519686086, 25, 149, 5.0, 1, 0, 15, 0, 0, 0, 0, 0, 0, 0, 0, 3, 5, 4, 4, 0, 0, 1
21.059283106404106, 12, 95, 7.0, 1, 0, 5, 0, 0, 0, 0, 0, 0, 0, 0, 3, 2, 1, 1, 0, 0, 0
10.581944013021475, 8, 40, 4.125, 1, 0, 3, 0, 0, 0, 0, 0, 0, 0, 0, 1, 2, 0, 2, 0, 0, 0
5.142741610252715, 4, 21, 4.5, 1, 0, 2, 0, 0, 0, 0, 0, 0, 0, 0, 1, 2, 0, 0, 0, 0, 1
22.790658265430196, 39, 219, 4.641025641025641, 1, 1, 17, 0, 1, 1, 0, 0, 0, 0, 0, 10, 7, 4, 2, 0, 0, 1
19.396449354569175, 13, 65, 4.076923076923077, 2, 1, 7, 0, 0, 0, 0, 0, 0, 0, 0, 4, 1, 2, 1, 0, 0, 0
19.730809348457875, 20, 108, 4.45, 2, 0, 12, 0, 0, 0, 0, 0, 0, 0, 0, 3, 5, 0, 0, 0, 0, 1
22.934458839921167, 19, 88, 3.6842105263157894, 3, 0, 10, 0, 0, 2, 0, 0, 0, 0, 0, 3, 5, 2, 0, 0, 0, 1
7.100997395322886, 9, 56, 5.333333333333333, 1, 0, 4, 0, 0, 0, 0, 0, 0, 0, 0, 2, 2, 1, 1, 0, 0, 1
20.693049526314162, 35, 197, 4.6571428571428575, 3, 0, 14, 0, 0, 0, 0, 0, 0, 0, 0, 10, 4, 2, 2, 0, 0, 1
13.24765320575761, 10, 54, 4.5, 1, 0, 5, 0, 0, 0, 0, 0, 0, 0, 0, 3, 2, 0, 0, 0, 0, 1
15.287625656083419, 16, 121, 6.625, 2, 0, 5, 0, 0, 0, 0, 0, 0, 0, 0, 5, 2, 3, 1, 0, 0, 1
13.427781635731163, 5, 25, 4.2, 2, 0, 2, 0, 0, 0, 0, 0, 0, 0, 0, 3, 0, 0, 0, 0, 0, 0
24.06822997607274, 18, 99, 4.555555555555555, 2, 2, 10, 0, 0, 0, 0, 0, 0, 0, 0, 3, 3, 3, 1, 0, 0, 1
14.245841260680088, 11, 48, 3.4545454545454546, 2, 2, 7, 0, 0, 0, 0, 0, 0, 0, 0, 1, 4, 0, 1, 0, 0, 1
11.173331286612932, 9, 48, 4.444444444444445, 1, 0, 5, 0, 0, 0, 0, 0, 0, 0, 0, 2, 2, 0, 0, 0, 0, 1
7.18430850174892, 3, 14, 4.0, 1, 0, 2, 0, 0, 0, 0, 0, 0, 0, 0, 0, 1, 0, 0, 0, 0, 1
17.995005299925296, 21, 117, 4.619047619047619, 1, 0, 11, 0, 0, 0, 0, 0, 0, 0, 0, 5, 6, 0, 0, 0, 0, 1
16.881978866686712, 6, 33, 4.666666666666667, 2, 0, 3, 0, 0, 0, 0, 0, 0, 0, 0, 1, 2, 0, 0, 0, 0, 1
19.867837898874566, 32, 182, 4.71875, 3, 0, 15, 0, 0, 0, 0, 0, 0, 0, 0, 10, 4, 4, 0, 1, 0, 1
17.174939901185446, 20, 123, 5.2, 1, 0, 9, 0, 0, 0, 0, 0, 0, 0, 0, 4, 3, 0, 2, 0, 0, 1
10.943670645354748, 5, 30, 5.2, 1, 0, 1, 0, 0, 0, 0, 0, 0, 0, 0, 1, 2, 1, 0, 0, 0, 0
6.375641097159279, 6, 36, 5.166666666666667, 1, 0, 2, 0, 0, 0, 0, 0, 0, 0, 0, 1, 2, 0, 2, 0, 0, 0
18.339458848060758, 16, 72, 3.5625, 2, 0, 7, 0, 0, 0, 0, 0, 0, 0, 0, 5, 3, 0, 0, 0, 0, 1
8.803772008176173, 23, 117, 4.130434782608695, 1, 0, 12, 0, 1, 0, 0, 0, 0, 0, 0, 4, 6, 1, 3, 0, 0, 1
16.60178844392652, 19, 123, 5.526315789473684, 1, 1, 7, 0, 0, 0, 0, 0, 0, 0, 0, 3, 4, 1, 4, 0, 0, 1
23.633388961057832, 15, 82, 4.533333333333333, 3, 1, 8, 0, 0, 0, 0, 0, 0, 0, 0, 4, 4, 0, 1, 0, 0, 1
7.087389495342864, 4, 19, 4.0, 1, 0, 1, 0, 0, 0, 0, 0, 0, 0, 0, 3, 0, 0, 0, 0, 0, 0
10.0604009040086, 10, 57, 4.8, 1, 0, 6, 0, 0, 0, 0, 0, 0, 0, 0, 3, 1, 0, 1, 0, 0, 1
22.94068999909518, 16, 79, 4.0, 2, 0, 9, 0, 0, 0, 0, 0, 0, 0, 0, 3, 5, 1, 1, 0, 0, 1
20.072341072620695, 13, 74, 4.769230769230769, 2, 0, 7, 0, 0, 0, 0, 0, 0, 0, 0, 4, 1, 1, 1, 0, 0, 1
17.533897405893565, 5, 36, 6.4, 2, 0, 1, 0, 0, 0, 0, 0, 0, 0, 0, 2, 0, 1, 0, 0, 0, 0
20.9951321441503, 22, 125, 4.7272727272727275, 2, 0, 11, 0, 0, 0, 0, 0, 0, 0, 0, 4, 4, 2, 1, 0, 0, 1
16.480737440332195, 27, 135, 4.037037037037037, 3, 1, 13, 0, 0, 0, 0, 0, 0, 0, 0, 4, 7, 4, 0, 0, 0, 1
24.937573843705394, 15, 100, 5.733333333333333, 3, 0, 5, 0, 1, 0, 0, 0, 0, 0, 0, 3, 5, 2, 2, 0, 0, 1
9.912065800626417, 6, 34, 4.833333333333333, 1, 0, 3, 0, 0, 0, 0, 0, 0, 0, 0, 2, 0, 1, 0, 0, 0, 0
12.169109421486645, 9, 45, 4.111111111111111, 1, 0, 3, 0, 0, 0, 0, 0, 0, 0, 0, 3, 2, 1, 0, 0, 0, 0
12.990832223512292, 21, 109, 4.238095238095238, 2, 2, 11, 0, 0, 0, 0, 0, 0, 0, 0, 3, 2, 4, 3, 1, 1, 1
15.638896092178936, 31, 195, 5.32258064516129, 2, 1, 13, 0, 0, 0, 0, 0, 0, 0, 0, 9, 5, 5, 0, 0, 0, 1
23.780959396527503, 21, 111, 4.333333333333333, 2, 2, 12, 0, 0, 0, 0, 0, 0, 0, 0, 4, 6, 1, 0, 0, 1, 1
19.396546722671737, 13, 60, 3.6923076923076925, 3, 0, 8, 0, 0, 0, 0, 0, 0, 0, 0, 2, 4, 0, 0, 0, 0, 1
6.2680833176124935, 2, 5, 2.0, 1, 0, 2, 0, 0, 0, 0, 0, 0, 0, 0, 0, 1, 0, 0, 0, 0, 1
17.215466357636046, 11, 57, 4.2727272727272725, 2, 0, 5, 0, 0, 0, 0, 0, 0, 0, 0, 1, 3, 0, 2, 0, 0, 0
19.63940129320173, 33, 188, 4.7272727272727275, 3, 1, 16, 0, 0, 0, 0, 0, 0, 0, 0, 5, 8, 2, 2, 0, 0, 1
12.915497867918674, 12, 67, 4.666666666666667, 1, 1, 6, 0, 0, 0, 0, 0, 0, 0, 0, 2, 2, 1, 1, 1, 0, 1
16.140043575544762, 14, 93, 5.714285714285714, 1, 0, 7, 0, 0, 0, 0, 0, 0, 0, 0, 4, 3, 1, 0, 0, 0, 1
19.070909924201004, 38, 204, 4.394736842105263, 1, 1, 19, 0, 0, 0, 0, 0, 0, 1, 0, 8, 4, 4, 6, 0, 0, 1
15.747586000574444, 32, 161, 4.0625, 2, 0, 17, 0, 0, 0, 0, 0, 0, 0, 0, 9, 2, 2, 3, 0, 0, 1
20.978343496510213, 18, 91, 4.111111111111111, 3, 0, 11, 0, 0, 0, 0, 0, 0, 0, 0, 4, 2, 2, 0, 0, 0, 1
11.533555853261577, 11, 60, 4.545454545454546, 1, 0, 3, 0, 0, 0, 0, 0, 0, 0, 0, 3, 3, 0, 1, 0, 0, 0
11.723649574821104, 6, 33, 4.666666666666667, 2, 1, 2, 0, 0, 0, 0, 0, 0, 0, 0, 3, 1, 0, 0, 0, 0, 0
14.49266201111599, 12, 62, 4.25, 3, 0, 4, 0, 0, 0, 0, 0, 1, 0, 0, 3, 4, 1, 0, 0, 0, 1
9.20626847802951, 25, 122, 3.92, 1, 0, 12, 0, 0, 0, 0, 0, 0, 0, 0, 5, 6, 2, 0, 0, 0, 1
9.45227291079087, 39, 187, 3.8205128205128207, 1, 0, 21, 0, 1, 0, 0, 0, 0, 1, 0, 7, 9, 1, 2, 0, 0, 1
14.517318657105013, 39, 202, 4.205128205128205, 1, 0, 21, 0, 0, 0, 0, 0, 0, 0, 0, 12, 6, 0, 3, 0, 0, 1
11.876728685157552, 27, 141, 4.2592592592592595, 1, 0, 15, 0, 0, 1, 0, 0, 0, 0, 0, 7, 4, 1, 0, 0, 0, 1
16.221666729869103, 14, 79, 4.714285714285714, 1, 0, 6, 0, 0, 0, 0, 0, 0, 0, 0, 2, 6, 1, 0, 0, 0, 1
12.536166635224987, 4, 18, 3.75, 2, 0, 3, 0, 0, 0, 0, 0, 0, 0, 0, 1, 1, 0, 0, 0, 0, 1
23.011765079836742, 20, 103, 4.2, 4, 0, 9, 0, 0, 0, 0, 0, 0, 0, 0, 5, 3, 0, 2, 0, 0, 1
13.345645982418091, 7, 39, 4.714285714285714, 1, 0, 3, 0, 0, 0, 0, 0, 0, 0, 0, 1, 2, 1, 1, 0, 0, 1
11.024840195655255, 21, 117, 4.619047619047619, 1, 1, 12, 0, 0, 0, 0, 0, 0, 0, 0, 2, 3, 4, 0, 0, 0, 1
8.296559318396671, 5, 32, 5.6, 1, 0, 2, 0, 0, 0, 0, 0, 0, 0, 0, 1, 1, 0, 1, 0, 0, 0
17.10937293325164, 9, 59, 5.666666666666667, 1, 0, 3, 0, 0, 0, 0, 0, 0, 1, 0, 2, 2, 1, 0, 0, 0, 0
21.366709504133148, 27, 146, 4.444444444444445, 1, 1, 15, 0, 0, 0, 0, 0, 0, 0, 0, 3, 5, 5, 2, 0, 0, 0
7.6931350742766105, 5, 23, 3.8, 1, 0, 3, 0, 0, 1, 0, 0, 0, 0, 0, 2, 0, 0, 0, 0, 0, 0
11.186802767230741, 5, 31, 5.4, 1, 0, 2, 0, 0, 1, 0, 0, 0, 0, 0, 0, 2, 0, 0, 0, 0, 1
21.816312206827263, 26, 147, 4.6923076923076925, 1, 0, 10, 0, 0, 0, 0, 0, 0, 0, 0, 6, 7, 3, 0, 0, 0, 1
14.077964640767584, 17, 85, 4.0588235294117645, 2, 0, 10, 0, 0, 0, 0, 0, 0, 0, 0, 1, 4, 1, 3, 0, 0, 1
3.7194665402400746, 22, 106, 3.8636363636363638, 1, 0, 14, 0, 0, 0, 0, 0, 0, 0, 0, 4, 4, 1, 0, 0, 0, 1
9.59203842644706, 6, 30, 4.166666666666667, 1, 0, 2, 0, 0, 0, 0, 0, 0, 0, 0, 2, 2, 0, 0, 0, 0, 0
17.041776065589254, 17, 83, 3.9411764705882355, 2, 0, 10, 0, 0, 0, 0, 0, 0, 0, 0, 4, 2, 0, 3, 1, 0, 1
17.786119600203325, 26, 160, 5.1923076923076925, 1, 1, 9, 0, 0, 0, 0, 0, 0, 0, 0, 8, 4, 3, 1, 0, 0, 1
4.808340226350764, 5, 23, 3.8, 1, 0, 3, 0, 0, 0, 0, 0, 0, 0, 0, 1, 1, 0, 0, 0, 0, 0
10.297979606992733, 25, 126, 4.08, 1, 0, 13, 0, 0, 0, 0, 0, 0, 0, 0, 6, 6, 0, 3, 0, 0, 1
11.232518870595678, 8, 42, 4.375, 1, 1, 6, 0, 0, 0, 0, 0, 0, 0, 0, 1, 2, 0, 0, 0, 0, 0
24.861468156904337, 6, 32, 4.5, 3, 0, 1, 0, 0, 0, 0, 0, 0, 0, 0, 4, 1, 0, 0, 0, 0, 0
17.66266408963945, 14, 71, 4.142857142857143, 1, 0, 7, 0, 0, 0, 0, 0, 0, 0, 0, 4, 1, 1, 2, 0, 0, 0
24.727747947454045, 19, 102, 4.421052631578948, 2, 1, 8, 0, 1, 0, 0, 0, 0, 0, 0, 5, 5, 0, 2, 0, 0, 1
17.611403667279127, 20, 106, 4.35, 1, 1, 6, 0, 0, 0, 0, 0, 0, 0, 0, 2, 6, 1, 1, 0, 0, 1
19.941086318959584, 8, 46, 4.875, 2, 1, 4, 0, 0, 0, 0, 0, 0, 0, 0, 2, 1, 1, 0, 0, 1, 1
8.419921307356011, 17, 77, 3.588235294117647, 1, 1, 8, 0, 0, 0, 0, 0, 0, 0, 0, 3, 3, 1, 1, 0, 0, 1
14.931233213135599, 18, 96, 4.388888888888889, 1, 0, 7, 0, 1, 0, 0, 0, 0, 1, 0, 5, 4, 1, 1, 0, 0, 1
19.882696275507254, 20, 123, 5.2, 2, 0, 7, 0, 0, 0, 0, 0, 0, 1, 0, 7, 3, 2, 1, 0, 0, 1
23.267867170350694, 28, 150, 4.392857142857143, 3, 0, 15, 0, 0, 0, 0, 0, 0, 0, 0, 4, 5, 2, 2, 0, 0, 1
5.418992878810262, 12, 65, 4.5, 1, 0, 4, 0, 1, 0, 0, 0, 0, 0, 0, 2, 2, 0, 0, 0, 0, 1
13.094655721364486, 5, 25, 4.2, 2, 0, 3, 0, 0, 0, 0, 0, 0, 0, 0, 1, 2, 0, 0, 0, 0, 1
22.016698796764842, 24, 130, 4.458333333333333, 2, 0, 11, 0, 0, 1, 0, 0, 0, 0, 0, 6, 6, 1, 2, 0, 0, 1
16.128444989608283, 24, 144, 5.041666666666667, 1, 0, 6, 0, 0, 0, 0, 0, 0, 1, 0, 8, 3, 4, 1, 0, 0, 1
19.843167859809903, 19, 107, 4.684210526315789, 1, 0, 9, 0, 0, 0, 0, 0, 0, 0, 0, 2, 6, 2, 2, 0, 0, 1
14.351658828376486, 18, 93, 4.222222222222222, 2, 1, 10, 0, 0, 0, 0, 0, 0, 0, 0, 4, 2, 2, 2, 0, 0, 1
5.649294567159274, 2, 10, 4.5, 1, 0, 1, 0, 0, 0, 0, 0, 0, 0, 0, 0, 1, 0, 0, 0, 0, 1
24.94790795337413, 36, 221, 5.166666666666667, 1, 0, 15, 0, 0, 0, 0, 0, 0, 1, 0, 11, 6, 4, 2, 1, 1, 1
10.186407359464942, 21, 102, 3.9047619047619047, 1, 1, 14, 0, 0, 0, 0, 0, 0, 0, 0, 5, 2, 0, 2, 0, 0, 1
3.7129972342013273, 3, 13, 3.6666666666666665, 1, 0, 1, 0, 0, 0, 0, 0, 0, 0, 0, 1, 1, 0, 0, 0, 0, 1
2.726372435791187, 6, 24, 3.1666666666666665, 1, 0, 4, 0, 0, 0, 0, 0, 0, 0, 0, 0, 2, 0, 1, 0, 0, 1
7.182287429235234, 5, 20, 3.2, 1, 0, 2, 0, 0, 0, 0, 0, 0, 0, 0, 1, 1, 1, 0, 0, 0, 0
14.920854378418628, 24, 126, 4.291666666666667, 2, 0, 11, 0, 0, 0, 0, 0, 0, 0, 0, 8, 3, 2, 1, 0, 0, 1
7.695346901097803, 16, 89, 4.625, 1, 0, 7, 0, 0, 0, 0, 0, 0, 0, 0, 4, 2, 2, 1, 0, 0, 1
9.655693413893985, 27, 161, 5.0, 1, 0, 11, 0, 0, 0, 0, 0, 0, 0, 0, 8, 6, 0, 1, 0, 0, 1
16.159877992099418, 33, 161, 3.909090909090909, 1, 0, 18, 0, 0, 0, 0, 0, 0, 0, 0, 9, 4, 3, 3, 0, 0, 1
23.15425117131163, 40, 235, 4.9, 1, 0, 24, 0, 0, 0, 0, 0, 0, 0, 0, 9, 6, 2, 1, 0, 0, 1
23.017433287367698, 23, 134, 4.869565217391305, 3, 0, 9, 0, 0, 0, 0, 0, 0, 0, 0, 6, 3, 2, 1, 0, 0, 1
10.825343121444677, 5, 27, 4.6, 1, 0, 2, 0, 0, 0, 0, 0, 0, 0, 0, 1, 0, 1, 2, 0, 0, 0
24.951297106875522, 27, 143, 4.333333333333333, 3, 0, 15, 0, 0, 0, 0, 0, 0, 0, 0, 6, 3, 1, 1, 0, 0, 1
18.585380173577576, 38, 212, 4.605263157894737, 1, 1, 20, 0, 0, 0, 0, 0, 0, 0, 0, 11, 8, 0, 1, 0, 0, 1
2.768709462701146, 12, 66, 4.583333333333333, 1, 0, 4, 0, 0, 0, 0, 0, 0, 0, 0, 4, 2, 1, 1, 0, 0, 1
12.809586971369015, 23, 150, 5.565217391304348, 1, 2, 8, 0, 0, 0, 0, 0, 0, 0, 0, 6, 3, 4, 2, 0, 0, 1
8.844073405764675, 6, 23, 3.0, 2, 0, 3, 0, 0, 0, 0, 0, 0, 0, 0, 1, 2, 0, 1, 0, 0, 1
16.15650648756352, 23, 132, 4.782608695652174, 1, 0, 12, 0, 0, 0, 0, 0, 0, 0, 0, 6, 4, 0, 1, 0, 0, 1
14.219715483847201, 29, 160, 4.551724137931035, 1, 2, 15, 0, 0, 0, 0, 0, 0, 0, 0, 5, 8, 3, 1, 0, 0, 1
13.509929987717273, 23, 126, 4.521739130434782, 1, 0, 12, 0, 0, 0, 0, 0, 0, 0, 0, 5, 7, 0, 1, 0, 0, 1
19.995801681755687, 10, 59, 5.0, 2, 0, 7, 0, 0, 0, 0, 0, 0, 0, 0, 2, 3, 0, 0, 0, 0, 1
14.834914131602389, 33, 179, 4.454545454545454, 1, 0, 15, 0, 1, 0, 0, 0, 0, 1, 1, 8, 6, 2, 1, 0, 0, 1
6.8265724037519915, 6, 25, 3.3333333333333335, 1, 0, 5, 0, 0, 0, 0, 0, 0, 0, 0, 0, 2, 0, 0, 0, 0, 0
21.75732962762153, 25, 135, 4.44, 2, 1, 12, 0, 0, 0, 0, 0, 0, 0, 0, 6, 6, 1, 1, 0, 0, 1
18.9971058522539, 13, 60, 3.6923076923076925, 2, 0, 9, 0, 0, 0, 0, 0, 0, 0, 0, 3, 2, 1, 1, 0, 0, 1
21.483573922143666, 13, 63, 3.923076923076923, 3, 0, 8, 0, 0, 0, 0, 0, 0, 0, 0, 2, 1, 1, 3, 1, 0, 1
7.746001857935658, 4, 31, 7.0, 1, 0, 1, 0, 0, 0, 0, 0, 0, 0, 0, 2, 2, 0, 0, 0, 0, 0
24.591858058984226, 20, 118, 4.95, 2, 0, 9, 0, 0, 0, 0, 0, 0, 0, 0, 4, 5, 1, 1, 0, 0, 1
17.294790989949433, 25, 141, 4.68, 1, 2, 13, 0, 0, 0, 0, 0, 0, 0, 0, 4, 2, 4, 2, 1, 0, 1
22.85283662951126, 28, 170, 5.107142857142857, 2, 0, 9, 0, 1, 1, 0, 0, 0, 0, 0, 8, 7, 2, 1, 0, 1, 1
20.899467597375256, 15, 87, 4.866666666666666, 2, 0, 5, 0, 0, 0, 0, 0, 0, 0, 0, 4, 5, 0, 1, 0, 0, 1
14.232743807340148, 14, 90, 5.5, 1, 0, 8, 0, 0, 1, 0, 0, 0, 0, 0, 4, 1, 2, 0, 0, 0, 1
15.082284651594943, 28, 147, 4.285714285714286, 1, 0, 16, 0, 0, 1, 0, 0, 0, 0, 0, 5, 5, 3, 3, 0, 0, 1
22.531422425545593, 27, 166, 5.185185185185185, 2, 0, 9, 0, 0, 0, 0, 0, 0, 0, 0, 10, 5, 3, 1, 0, 0, 1
10.61502988080101, 30, 158, 4.3, 1, 1, 15, 0, 1, 0, 0, 0, 0, 0, 0, 6, 7, 2, 3, 0, 0, 1
12.419867484092462, 16, 100, 5.3125, 1, 0, 10, 0, 0, 0, 0, 0, 0, 0, 0, 1, 4, 1, 3, 0, 0, 1
21.257618385941047, 19, 113, 5.0, 2, 0, 10, 0, 0, 0, 0, 0, 0, 0, 0, 2, 7, 1, 1, 0, 0, 1
5.3435729621840595, 10, 43, 3.4, 1, 0, 5, 0, 0, 0, 0, 0, 0, 0, 0, 3, 2, 0, 2, 0, 0, 1
4.739019152651814, 10, 40, 3.1, 1, 0, 7, 0, 0, 0, 0, 0, 0, 0, 0, 2, 1, 1, 2, 0, 0, 1
18.391575911209674, 21, 138, 5.619047619047619, 1, 0, 7, 0, 0, 0, 0, 0, 0, 0, 0, 6, 6, 2, 0, 0, 0, 1
23.92410715180795, 19, 112, 4.947368421052632, 1, 1, 9, 0, 0, 0, 0, 0, 0, 0, 0, 6, 1, 2, 0, 0, 0, 1
8.377283551865315, 2, 13, 6.0, 1, 0, 1, 0, 0, 0, 0, 0, 0, 0, 0, 1, 0, 0, 0, 0, 0, 0
8.767282455203736, 11, 68, 5.2727272727272725, 1, 0, 4, 0, 0, 0, 0, 0, 0, 0, 0, 4, 3, 0, 0, 0, 0, 1
23.254416804856845, 13, 71, 4.538461538461538, 3, 0, 6, 0, 1, 0, 0, 0, 0, 0, 0, 2, 4, 1, 2, 1, 0, 1
17.97366307226746, 7, 39, 4.714285714285714, 2, 0, 0, 0, 0, 0, 0, 0, 0, 0, 0, 5, 0, 1, 1, 0, 0, 0
11.804192967541733, 5, 24, 4.0, 1, 1, 3, 0, 0, 0, 0, 0, 0, 0, 0, 0, 1, 0, 1, 0, 0, 0
18.02881886443883, 9, 55, 5.222222222222222, 2, 1, 3, 0, 0, 0, 0, 0, 0, 0, 0, 3, 2, 0, 1, 0, 0, 0
8.274797231824396, 4, 19, 4.0, 1, 0, 2, 0, 0, 0, 0, 0, 0, 0, 0, 1, 1, 0, 0, 0, 0, 1
10.872900089933506, 6, 25, 3.3333333333333335, 2, 0, 3, 0, 0, 0, 0, 0, 0, 0, 0, 0, 3, 0, 0, 0, 0, 1
22.761481294059244, 11, 61, 4.636363636363637, 2, 1, 2, 0, 0, 0, 0, 0, 0, 0, 0, 5, 1, 3, 1, 0, 0, 1
13.064605744375097, 15, 82, 4.533333333333333, 1, 0, 8, 0, 0, 1, 0, 0, 0, 0, 0, 4, 2, 2, 0, 0, 0, 1
24.053130558909693, 14, 79, 4.714285714285714, 2, 0, 4, 0, 0, 0, 0, 0, 0, 0, 0, 4, 0, 5, 0, 1, 0, 0
5.6375694428648355, 2, 16, 7.5, 1, 0, 0, 0, 0, 0, 0, 0, 0, 0, 0, 1, 0, 0, 0, 0, 0, 0
24.842272183495886, 26, 163, 5.3076923076923075, 1, 0, 13, 0, 0, 0, 0, 0, 0, 0, 0, 8, 3, 3, 1, 0, 0, 1
11.60636023906914, 6, 39, 5.666666666666667, 1, 0, 2, 0, 0, 0, 0, 0, 0, 0, 0, 1, 2, 0, 1, 0, 0, 1
22.151254633283816, 25, 139, 4.6, 1, 2, 16, 0, 0, 0, 0, 0, 0, 0, 0, 4, 5, 0, 0, 0, 0, 1
13.892333494847717, 22, 109, 4.0, 1, 0, 13, 0, 1, 0, 0, 0, 0, 0, 0, 7, 2, 1, 0, 0, 0, 1
10.280746509220304, 16, 87, 4.5, 1, 0, 9, 0, 0, 1, 0, 0, 0, 0, 0, 1, 3, 2, 3, 1, 0, 1
17.076116729625863, 17, 93, 4.529411764705882, 2, 0, 9, 0, 0, 0, 0, 0, 0, 0, 0, 3, 2, 1, 3, 0, 0, 0
21.036326335881196, 17, 121, 6.176470588235294, 1, 1, 7, 0, 0, 0, 0, 0, 0, 0, 0, 4, 3, 2, 2, 0, 0, 1
12.015167896107942, 12, 72, 5.083333333333333, 1, 1, 6, 0, 0, 0, 0, 0, 0, 0, 0, 3, 1, 2, 1, 0, 1, 1
13.847058073114098, 20, 124, 5.25, 1, 2, 9, 0, 0, 0, 0, 0, 0, 0, 0, 6, 2, 2, 2, 0, 0, 1
23.866804286208595, 30, 180, 5.033333333333333, 1, 0, 17, 0, 0, 0, 0, 0, 0, 0, 0, 6, 6, 1, 0, 0, 0, 1
15.270292978941933, 14, 88, 5.357142857142857, 2, 0, 6, 0, 0, 0, 0, 0, 0, 0, 0, 3, 5, 0, 2, 0, 0, 1
21.367575607147884, 24, 136, 4.708333333333333, 2, 2, 10, 0, 0, 0, 0, 1, 0, 0, 0, 6, 4, 4, 1, 0, 0, 1
11.770493567317889, 23, 115, 4.043478260869565, 2, 1, 9, 0, 0, 0, 0, 0, 0, 0, 0, 8, 3, 2, 1, 0, 0, 1
16.301629226867064, 10, 56, 4.7, 2, 0, 4, 0, 0, 0, 0, 0, 0, 0, 0, 2, 2, 2, 2, 0, 0, 1
6.238739094714393, 4, 15, 3.0, 1, 0, 2, 0, 0, 0, 0, 0, 0, 0, 0, 0, 2, 0, 0, 0, 0, 0
20.71571027582006, 22, 121, 4.545454545454546, 2, 0, 13, 0, 0, 0, 0, 0, 0, 0, 0, 3, 5, 1, 2, 0, 0, 1
8.993515862610188, 14, 79, 4.714285714285714, 2, 0, 7, 0, 0, 0, 0, 0, 0, 0, 0, 4, 3, 0, 2, 0, 0, 1
16.166177757505388, 10, 65, 5.6, 1, 0, 4, 0, 0, 0, 0, 0, 0, 0, 0, 0, 4, 1, 0, 0, 0, 1
14.134505081472703, 13, 74, 4.769230769230769, 2, 0, 5, 0, 0, 0, 0, 0, 0, 0, 0, 3, 3, 1, 1, 0, 0, 1
24.13070900138705, 20, 108, 4.45, 2, 0, 11, 0, 0, 0, 0, 0, 0, 0, 0, 5, 6, 0, 1, 0, 0, 1
13.421390098368313, 22, 118, 4.409090909090909, 1, 1, 12, 0, 0, 0, 0, 0, 0, 0, 0, 3, 6, 3, 0, 0, 0, 1
18.80424995283748, 3, 23, 7.0, 2, 0, 0, 0, 0, 0, 0, 0, 0, 0, 0, 2, 1, 0, 0, 0, 0, 0
7.538954361460871, 2, 10, 4.5, 1, 0, 1, 0, 0, 0, 0, 0, 0, 0, 0, 1, 0, 0, 0, 0, 0, 0
6.12434836751509, 2, 9, 4.0, 1, 0, 1, 0, 0, 0, 0, 0, 0, 0, 0, 1, 0, 0, 0, 0, 0, 0
5.399340617634115, 3, 18, 5.333333333333333, 1, 0, 1, 0, 0, 0, 0, 0, 0, 0, 0, 1, 0, 1, 0, 0, 0, 0
17.791281360018743, 8, 50, 5.375, 1, 0, 2, 0, 0, 0, 0, 0, 0, 0, 0, 2, 1, 0, 3, 0, 0, 0
22.420527326484358, 10, 69, 6.0, 2, 0, 2, 0, 0, 0, 0, 0, 0, 0, 0, 3, 3, 2, 0, 0, 0, 1
18.71833191415856, 13, 61, 3.769230769230769, 2, 0, 8, 0, 0, 0, 0, 0, 0, 0, 0, 3, 3, 1, 0, 1, 0, 1
14.629180453380675, 7, 39, 4.714285714285714, 1, 0, 2, 0, 0, 0, 0, 0, 0, 0, 0, 4, 0, 1, 1, 0, 0, 0
18.56880488369606, 21, 124, 4.9523809523809526, 3, 1, 10, 0, 1, 0, 0, 0, 0, 0, 0, 4, 7, 1, 1, 0, 0, 1
11.319319669547818, 4, 26, 5.75, 1, 0, 2, 0, 0, 0, 0, 0, 0, 0, 0, 1, 1, 0, 0, 0, 0, 1
7.011229751150527, 5, 19, 3.0, 1, 0, 3, 0, 0, 1, 0, 0, 0, 0, 0, 2, 1, 0, 0, 0, 0, 0
11.028245682620907, 7, 45, 5.571428571428571, 1, 1, 3, 0, 0, 0, 0, 0, 0, 0, 0, 2, 1, 0, 1, 0, 0, 1
17.551308728349078, 23, 124, 4.434782608695652, 2, 0, 8, 0, 1, 0, 0, 0, 0, 0, 0, 5, 6, 4, 2, 0, 0, 1
7.035668734614125, 12, 54, 3.5833333333333335, 1, 0, 5, 0, 0, 0, 0, 0, 0, 0, 0, 3, 3, 0, 1, 0, 0, 1
6.989895340927883, 8, 32, 3.125, 1, 0, 5, 0, 0, 0, 0, 0, 0, 0, 0, 2, 2, 0, 0, 0, 0, 0
10.20690434574881, 9, 40, 3.5555555555555554, 2, 0, 5, 0, 0, 0, 0, 0, 0, 0, 0, 2, 2, 0, 1, 0, 0, 1
20.777829468722178, 20, 139, 6.0, 2, 0, 8, 0, 0, 1, 0, 0, 0, 0, 0, 7, 2, 2, 1, 0, 0, 1
24.93021089193629, 23, 108, 3.739130434782609, 3, 0, 12, 0, 0, 0, 0, 0, 0, 0, 0, 5, 5, 2, 1, 0, 0, 0
4.7484605613165085, 4, 20, 4.25, 1, 0, 2, 0, 0, 0, 0, 0, 0, 0, 0, 2, 0, 0, 1, 0, 0, 0
21.339676523592193, 13, 87, 5.769230769230769, 2, 0, 3, 0, 0, 0, 0, 0, 0, 0, 0, 3, 4, 1, 2, 0, 0, 1
18.03750303293069, 14, 95, 5.857142857142857, 1, 0, 7, 0, 0, 0, 0, 0, 0, 0, 0, 2, 5, 1, 1, 0, 0, 1
19.30631436667938, 24, 129, 4.416666666666667, 2, 0, 14, 0, 0, 0, 0, 0, 0, 0, 0, 6, 2, 0, 2, 0, 0, 1
20.318448762729005, 25, 135, 4.44, 2, 1, 15, 0, 0, 0, 0, 0, 0, 0, 0, 6, 5, 0, 1, 0, 0, 1
20.541318380593594, 12, 54, 3.5833333333333335, 2, 1, 8, 0, 0, 0, 0, 0, 0, 0, 0, 1, 4, 0, 1, 0, 0, 0
13.27570208302973, 12, 72, 5.083333333333333, 1, 0, 4, 0, 0, 0, 0, 0, 0, 0, 0, 3, 3, 0, 1, 0, 0, 1
10.45672509354515, 2, 15, 7.0, 1, 0, 1, 0, 0, 0, 0, 0, 0, 0, 0, 1, 0, 0, 0, 0, 0, 0
13.933021627023871, 10, 47, 3.8, 1, 0, 5, 0, 0, 0, 0, 0, 0, 0, 0, 1, 4, 0, 0, 0, 0, 1
24.267075250360776, 17, 108, 5.411764705882353, 3, 0, 7, 0, 0, 0, 0, 0, 0, 1, 0, 5, 4, 1, 1, 0, 0, 1
19.29504828507712, 19, 116, 5.157894736842105, 1, 0, 9, 0, 0, 0, 0, 0, 0, 1, 0, 5, 4, 1, 1, 0, 0, 1
9.972425525418418, 45, 253, 4.644444444444445, 1, 0, 20, 0, 0, 0, 0, 0, 0, 0, 1, 10, 7, 9, 3, 0, 0, 1
23.03390346821736, 10, 64, 5.5, 2, 1, 5, 0, 0, 0, 0, 0, 0, 0, 0, 0, 4, 1, 0, 0, 0, 1
6.257645211059142, 3, 13, 3.6666666666666665, 1, 0, 2, 0, 0, 0, 0, 0, 0, 0, 0, 0, 1, 0, 0, 0, 0, 1
21.29361323011456, 23, 113, 3.9565217391304346, 2, 0, 13, 0, 0, 0, 0, 0, 0, 0, 0, 3, 6, 1, 2, 0, 0, 1
24.312906919306062, 16, 79, 4.0, 3, 0, 7, 0, 0, 0, 0, 0, 0, 0, 0, 4, 4, 0, 2, 0, 0, 1
18.763856827323803, 7, 43, 5.285714285714286, 1, 1, 3, 0, 0, 0, 0, 0, 0, 0, 0, 2, 1, 0, 0, 0, 0, 1
20.5360247270661, 16, 111, 6.0, 1, 1, 7, 0, 0, 0, 0, 0, 0, 0, 0, 4, 2, 3, 2, 1, 0, 1
9.385577587610998, 15, 73, 3.933333333333333, 1, 0, 10, 0, 0, 0, 0, 0, 0, 0, 0, 1, 3, 0, 3, 0, 0, 1
22.199164955756153, 37, 205, 4.5675675675675675, 1, 0, 16, 0, 1, 0, 0, 0, 0, 0, 0, 7, 7, 6, 3, 0, 0, 1
23.178836042107758, 22, 115, 4.2727272727272725, 2, 0, 11, 0, 1, 0, 0, 0, 0, 0, 0, 3, 5, 3, 2, 0, 0, 1
11.93219629557927, 6, 32, 4.5, 1, 0, 3, 0, 0, 0, 0, 0, 0, 0, 0, 1, 2, 1, 0, 0, 0, 1
13.65339256309042, 10, 66, 5.7, 1, 0, 3, 0, 0, 0, 0, 0, 0, 0, 0, 2, 2, 2, 1, 0, 0, 1
3.13593425879078, 7, 45, 5.571428571428571, 1, 1, 4, 0, 0, 0, 0, 0, 0, 0, 0, 0, 2, 1, 1, 0, 0, 1
16.76829250210359, 19, 102, 4.421052631578948, 1, 0, 11, 0, 0, 1, 0, 0, 0, 0, 0, 3, 3, 2, 1, 0, 0, 1
9.562670440910143, 21, 112, 4.380952380952381, 1, 0, 12, 0, 0, 0, 0, 0, 0, 0, 0, 6, 3, 1, 0, 0, 0, 1
24.507378444407546, 26, 152, 4.884615384615385, 2, 0, 11, 0, 0, 0, 0, 0, 0, 0, 0, 8, 3, 2, 3, 0, 0, 1
8.581990711829182, 17, 92, 4.470588235294118, 1, 0, 9, 0, 0, 0, 0, 0, 0, 1, 0, 2, 6, 1, 1, 1, 0, 1
4.539849403428241, 4, 18, 3.75, 1, 0, 3, 0, 0, 0, 0, 0, 0, 0, 0, 0, 1, 0, 1, 0, 0, 1
20.27842288765164, 31, 160, 4.193548387096774, 1, 0, 16, 0, 0, 0, 0, 0, 0, 0, 0, 7, 4, 2, 1, 1, 0, 1
16.08964384429046, 13, 81, 5.3076923076923075, 2, 0, 7, 0, 0, 0, 0, 0, 0, 0, 0, 2, 3, 1, 1, 0, 0, 1
17.126842305665015, 23, 145, 5.3478260869565215, 2, 0, 11, 0, 0, 0, 0, 0, 0, 0, 0, 4, 4, 1, 7, 0, 0, 1
21.27175926832816, 8, 67, 7.5, 2, 0, 2, 0, 0, 0, 0, 0, 0, 0, 0, 3, 2, 0, 1, 0, 0, 1
11.80391549256225, 4, 30, 6.75, 1, 0, 1, 0, 0, 0, 0, 0, 0, 0, 0, 3, 0, 0, 0, 0, 0, 0
11.954878262467918, 5, 25, 4.2, 2, 0, 2, 0, 0, 0, 0, 0, 0, 0, 0, 2, 1, 0, 1, 0, 0, 0
21.46779070094036, 14, 87, 5.285714285714286, 3, 0, 5, 0, 0, 0, 0, 0, 0, 0, 0, 2, 5, 0, 1, 0, 0, 1
6.2680833176124935, 3, 16, 4.666666666666667, 1, 0, 2, 0, 0, 0, 0, 0, 0, 0, 0, 0, 2, 0, 1, 0, 0, 1
6.766644438085581, 2, 12, 5.5, 1, 1, 1, 0, 0, 0, 0, 0, 0, 0, 0, 1, 0, 0, 0, 0, 0, 0
7.4181728228082315, 2, 5, 2.0, 1, 0, 0, 0, 0, 0, 0, 0, 0, 0, 0, 2, 0, 0, 0, 0, 0, 0
6.2680833176124935, 1, 4, 4.0, 0, 0, 0, 0, 0, 0, 0, 0, 0, 0, 0, 1, 0, 0, 0, 0, 0, 0
7.4181728228082315, 2, 5, 2.0, 1, 0, 0, 0, 0, 0, 0, 0, 0, 0, 0, 2, 0, 0, 0, 0, 0, 0
5.957529041501503, 7, 26, 2.857142857142857, 1, 1, 4, 0, 0, 0, 0, 0, 0, 0, 0, 1, 1, 1, 1, 0, 0, 0
4.394394430568537, 3, 9, 2.3333333333333335, 1, 0, 2, 0, 0, 0, 0, 0, 0, 0, 0, 0, 1, 1, 0, 0, 0, 0
18.74490938277494, 23, 127, 4.565217391304348, 1, 1, 9, 0, 0, 0, 0, 0, 0, 0, 0, 6, 4, 4, 1, 0, 0, 1
10.616394509141855, 4, 19, 4.0, 1, 0, 2, 0, 0, 0, 0, 0, 0, 1, 0, 2, 0, 0, 0, 0, 0, 0
15.328146297488438, 10, 63, 5.4, 2, 0, 4, 0, 0, 0, 0, 0, 0, 1, 0, 3, 1, 2, 0, 0, 0, 1
10.291345822887727, 8, 45, 4.75, 1, 0, 3, 0, 0, 0, 0, 0, 0, 0, 0, 4, 1, 1, 0, 0, 0, 0
17.46595234089129, 25, 145, 4.84, 2, 1, 13, 0, 0, 1, 0, 0, 0, 1, 0, 5, 5, 2, 2, 0, 0, 1
7.3742418935825045, 3, 13, 3.6666666666666665, 1, 0, 2, 0, 0, 0, 0, 0, 0, 0, 0, 0, 1, 0, 0, 0, 0, 0
9.327235088554197, 7, 53, 6.714285714285714, 1, 0, 1, 0, 0, 0, 0, 0, 0, 0, 0, 3, 1, 2, 0, 0, 0, 1
12.818803478055061, 3, 16, 4.666666666666667, 1, 0, 1, 0, 0, 0, 0, 0, 0, 0, 0, 0, 1, 1, 0, 0, 0, 0
5.249344100506698, 14, 67, 3.857142857142857, 1, 0, 5, 0, 0, 0, 0, 0, 0, 0, 0, 5, 2, 0, 1, 0, 0, 1
8.230527924912213, 15, 78, 4.266666666666667, 1, 0, 7, 0, 0, 0, 0, 0, 0, 0, 0, 3, 1, 3, 1, 0, 0, 0
23.380910802569648, 15, 97, 5.533333333333333, 2, 0, 5, 0, 1, 0, 0, 0, 0, 0, 0, 6, 4, 0, 0, 0, 0, 1
11.724070419017583, 4, 30, 6.75, 1, 0, 1, 0, 0, 0, 0, 0, 0, 0, 0, 1, 1, 0, 0, 0, 0, 1
10.29823926208163, 18, 96, 4.388888888888889, 1, 1, 8, 0, 0, 0, 0, 0, 0, 0, 0, 3, 4, 2, 3, 0, 0, 1
12.536166635224987, 2, 15, 7.0, 1, 0, 1, 0, 0, 0, 0, 0, 0, 0, 0, 0, 1, 0, 0, 0, 0, 1
17.698079598439527, 17, 90, 4.352941176470588, 2, 1, 7, 0, 0, 0, 0, 0, 0, 0, 0, 4, 4, 0, 3, 0, 0, 1
18.221658480135495, 8, 46, 4.875, 2, 0, 4, 0, 0, 0, 0, 0, 0, 0, 0, 2, 1, 1, 0, 0, 0, 1
20.23269482409557, 27, 149, 4.555555555555555, 1, 0, 11, 0, 0, 0, 0, 0, 0, 1, 0, 11, 3, 2, 0, 0, 0, 1
13.498399879159146, 21, 105, 4.0476190476190474, 1, 0, 9, 0, 0, 0, 0, 0, 0, 0, 0, 6, 5, 0, 1, 0, 0, 1
6.2680833176124935, 2, 9, 4.0, 1, 0, 1, 0, 0, 0, 0, 0, 0, 0, 0, 0, 0, 0, 0, 0, 0, 0
22.992122288698628, 19, 116, 5.157894736842105, 1, 1, 7, 0, 0, 0, 0, 0, 0, 0, 0, 5, 7, 1, 0, 0, 0, 1
14.401367659152175, 13, 63, 3.923076923076923, 1, 0, 7, 0, 1, 0, 0, 0, 0, 0, 0, 2, 2, 2, 1, 0, 0, 1
9.12866838132772, 20, 115, 4.8, 2, 0, 7, 0, 0, 0, 0, 0, 0, 0, 0, 6, 4, 2, 0, 0, 0, 1
7.667427195723369, 11, 60, 4.545454545454546, 1, 0, 5, 0, 0, 0, 0, 0, 0, 0, 0, 2, 0, 3, 1, 0, 0, 0
23.666610224656377, 21, 122, 4.857142857142857, 2, 0, 7, 0, 1, 0, 0, 0, 1, 0, 0, 4, 6, 3, 1, 0, 0, 1
15.559100241949315, 14, 76, 4.5, 2, 0, 7, 0, 1, 0, 0, 0, 0, 0, 0, 3, 3, 2, 0, 0, 0, 1
7.479276666904341, 4, 26, 5.75, 1, 0, 1, 0, 0, 0, 0, 0, 0, 0, 0, 1, 1, 0, 1, 0, 0, 1
8.738770624859825, 8, 40, 4.125, 1, 0, 4, 0, 0, 0, 0, 0, 0, 0, 0, 2, 1, 1, 0, 0, 0, 1
2.6241814129129137, 5, 22, 3.6, 1, 0, 3, 0, 0, 0, 0, 0, 0, 0, 0, 1, 1, 0, 0, 0, 0, 1
15.577747821483642, 10, 43, 3.4, 2, 0, 6, 0, 0, 0, 0, 0, 0, 0, 0, 1, 2, 0, 0, 0, 0, 0
18.83205102709998, 13, 92, 6.153846153846154, 1, 0, 4, 0, 0, 0, 0, 0, 0, 0, 0, 3, 2, 2, 2, 0, 0, 1
16.034262731551397, 16, 86, 4.4375, 2, 0, 7, 0, 0, 0, 0, 0, 0, 0, 0, 4, 3, 1, 1, 0, 0, 1
12.565910517907367, 8, 48, 5.125, 1, 0, 3, 0, 0, 0, 0, 0, 0, 0, 0, 0, 4, 0, 1, 0, 0, 1
15.453054970295598, 22, 146, 5.681818181818182, 1, 1, 9, 0, 0, 0, 0, 0, 0, 0, 0, 5, 5, 3, 0, 0, 0, 1
13.22051870924911, 3, 11, 3.0, 2, 0, 2, 0, 0, 0, 0, 0, 0, 0, 0, 0, 1, 0, 0, 0, 0, 0
5.829828361871198, 4, 15, 3.0, 1, 0, 2, 0, 0, 0, 0, 0, 0, 0, 0, 1, 1, 0, 0, 0, 0, 0
16.855476959499693, 23, 143, 5.260869565217392, 2, 1, 10, 0, 0, 0, 0, 0, 0, 1, 0, 7, 5, 1, 1, 0, 0, 1
24.066889078325598, 14, 83, 5.0, 2, 0, 4, 0, 1, 0, 0, 0, 0, 0, 0, 3, 6, 0, 1, 0, 0, 1
16.241307739628137, 14, 77, 4.571428571428571, 1, 0, 6, 0, 1, 0, 0, 0, 0, 0, 0, 3, 3, 3, 0, 0, 0, 1
7.147306125027535, 5, 18, 2.8, 1, 0, 2, 0, 0, 0, 0, 0, 0, 0, 0, 0, 2, 0, 0, 0, 0, 0
12.360367083301398, 9, 45, 4.111111111111111, 1, 0, 5, 0, 0, 0, 0, 0, 0, 0, 0, 1, 2, 0, 2, 0, 0, 0
13.415389442640027, 7, 28, 3.142857142857143, 2, 0, 3, 0, 0, 0, 0, 0, 0, 0, 0, 1, 2, 0, 1, 0, 0, 0
22.988700211800804, 22, 124, 4.681818181818182, 2, 1, 13, 0, 0, 1, 0, 0, 0, 0, 0, 5, 6, 0, 0, 0, 0, 1
13.855487047735192, 25, 161, 5.48, 1, 0, 12, 0, 0, 0, 0, 0, 0, 0, 0, 7, 6, 0, 1, 0, 0, 1
18.39702846235154, 16, 107, 5.75, 1, 0, 8, 0, 0, 0, 0, 0, 0, 0, 0, 6, 1, 0, 1, 0, 0, 1
6.057218204066858, 2, 6, 2.5, 1, 0, 1, 0, 0, 0, 0, 0, 0, 0, 0, 0, 1, 0, 0, 0, 0, 0
14.414239758484028, 13, 70, 4.461538461538462, 2, 0, 4, 0, 0, 1, 0, 0, 0, 0, 0, 3, 3, 0, 3, 0, 0, 1
12.543030933821466, 5, 27, 4.6, 1, 0, 2, 0, 0, 0, 0, 0, 0, 0, 0, 1, 1, 0, 1, 0, 0, 0
23.863562664600824, 24, 132, 4.541666666666667, 2, 0, 8, 0, 1, 0, 0, 0, 0, 0, 0, 9, 3, 0, 3, 0, 0, 1
16.71800977953629, 38, 201, 4.315789473684211, 3, 0, 19, 0, 0, 0, 0, 0, 0, 0, 0, 9, 6, 3, 1, 0, 0, 1
20.735854195448056, 17, 95, 4.647058823529412, 1, 0, 9, 0, 0, 0, 0, 0, 0, 1, 0, 4, 3, 1, 0, 0, 0, 1
14.488112350454937, 13, 69, 4.384615384615385, 1, 0, 6, 0, 0, 0, 0, 0, 0, 0, 0, 3, 4, 0, 0, 0, 0, 1
6.409297451110802, 2, 16, 7.5, 1, 0, 0, 0, 0, 0, 0, 0, 0, 0, 0, 1, 1, 0, 0, 0, 0, 1
21.568730517941407, 11, 66, 5.090909090909091, 3, 0, 4, 0, 0, 0, 0, 0, 0, 0, 0, 3, 4, 1, 0, 0, 0, 1
9.42933001835333, 13, 63, 3.923076923076923, 2, 0, 8, 0, 0, 0, 0, 0, 0, 0, 0, 2, 3, 0, 0, 0, 0, 1
12.82405599640185, 11, 57, 4.181818181818182, 3, 0, 4, 0, 0, 0, 0, 0, 0, 0, 0, 4, 3, 0, 0, 0, 0, 1
10.999512768163111, 8, 45, 4.75, 1, 1, 3, 0, 0, 0, 0, 0, 0, 0, 0, 3, 1, 1, 0, 0, 0, 1
24.508566605906445, 11, 67, 5.181818181818182, 3, 0, 4, 0, 0, 0, 0, 0, 0, 0, 0, 4, 3, 1, 0, 0, 0, 1
21.661351275640815, 10, 60, 5.1, 3, 0, 5, 0, 0, 0, 0, 0, 0, 0, 0, 2, 3, 0, 0, 0, 0, 1
5.946286815940927, 4, 16, 3.25, 1, 0, 2, 0, 0, 0, 0, 0, 0, 0, 0, 0, 2, 0, 0, 0, 0, 0
17.7364385663208, 9, 45, 4.111111111111111, 2, 0, 6, 0, 0, 0, 0, 0, 0, 0, 0, 2, 3, 0, 1, 0, 0, 1
6.000974955783329, 5, 24, 4.0, 1, 0, 2, 0, 0, 0, 0, 0, 0, 0, 0, 1, 1, 0, 1, 0, 0, 0
9.293103744756705, 11, 54, 4.0, 1, 0, 5, 0, 1, 0, 0, 0, 0, 0, 0, 1, 3, 2, 1, 0, 0, 1
8.979575575827068, 7, 35, 4.142857142857143, 2, 0, 4, 0, 1, 0, 0, 0, 0, 0, 0, 1, 3, 0, 0, 0, 0, 1
21.716100758219962, 22, 126, 4.7727272727272725, 1, 0, 9, 0, 0, 0, 0, 0, 0, 0, 0, 6, 6, 1, 2, 0, 0, 1
13.736372848604713, 25, 131, 4.28, 1, 0, 13, 0, 0, 0, 0, 0, 0, 0, 0, 6, 5, 2, 0, 0, 0, 1
19.77742322574366, 20, 119, 5.0, 2, 1, 13, 0, 0, 1, 0, 0, 0, 0, 0, 4, 5, 0, 0, 0, 0, 1
17.680996988323468, 21, 101, 3.857142857142857, 2, 1, 12, 0, 0, 0, 0, 0, 0, 0, 0, 3, 5, 0, 0, 0, 0, 1
5.426909012776954, 4, 19, 4.0, 1, 0, 1, 0, 0, 0, 0, 0, 0, 0, 0, 2, 1, 0, 0, 0, 0, 0
17.140231123034216, 8, 70, 7.875, 2, 0, 2, 0, 0, 0, 0, 0, 0, 1, 0, 3, 2, 1, 1, 0, 0, 1
7.589263627011793, 5, 23, 3.8, 1, 0, 1, 0, 0, 0, 0, 0, 0, 0, 0, 1, 1, 2, 0, 0, 0, 0
21.114538459524866, 17, 104, 5.176470588235294, 2, 0, 6, 0, 0, 0, 0, 0, 0, 0, 0, 5, 5, 2, 0, 0, 0, 1
18.91710838689687, 9, 71, 7.0, 2, 0, 4, 0, 0, 0, 0, 0, 0, 0, 0, 2, 2, 0, 1, 0, 0, 1
11.773097795711418, 4, 22, 4.75, 1, 1, 1, 0, 0, 0, 0, 0, 0, 0, 0, 2, 1, 0, 0, 0, 0, 0
19.895464737846222, 12, 49, 3.1666666666666665, 2, 1, 6, 0, 0, 1, 0, 0, 0, 0, 0, 2, 3, 1, 1, 0, 0, 1
12.536166635224987, 3, 11, 3.0, 2, 0, 1, 0, 0, 0, 0, 0, 0, 0, 0, 2, 0, 0, 0, 0, 0, 0
13.149232261765714, 15, 74, 4.0, 2, 0, 10, 0, 0, 0, 0, 0, 0, 0, 0, 1, 5, 1, 1, 0, 0, 1
6.414184650704055, 4, 19, 4.0, 1, 0, 2, 0, 0, 0, 0, 0, 0, 0, 0, 1, 2, 0, 0, 0, 0, 0
16.19317339157198, 15, 69, 3.6666666666666665, 2, 1, 7, 0, 1, 0, 0, 0, 0, 0, 0, 2, 7, 0, 0, 0, 0, 1
5.990652740062462, 4, 18, 3.75, 1, 0, 2, 0, 0, 0, 0, 0, 0, 0, 0, 0, 2, 0, 0, 0, 0, 0
12.352402386886935, 15, 73, 3.933333333333333, 1, 1, 8, 0, 0, 0, 0, 0, 0, 0, 0, 2, 3, 2, 0, 0, 0, 0
14.519201371297664, 10, 42, 3.3, 2, 1, 5, 0, 0, 0, 0, 0, 0, 0, 0, 4, 1, 0, 0, 0, 0, 1
20.728270013876116, 18, 100, 4.611111111111111, 2, 0, 9, 0, 1, 0, 0, 0, 0, 0, 0, 3, 6, 0, 1, 0, 0, 1
19.81616146264738, 7, 31, 3.5714285714285716, 3, 0, 4, 0, 0, 1, 0, 0, 0, 0, 0, 1, 2, 1, 1, 1, 0, 0
19.95462290095687, 22, 122, 4.590909090909091, 3, 0, 10, 0, 0, 0, 0, 0, 1, 0, 0, 3, 6, 3, 1, 1, 0, 1
12.954696238543335, 26, 152, 4.884615384615385, 1, 1, 11, 0, 1, 0, 0, 0, 0, 0, 0, 5, 6, 3, 3, 0, 0, 1
13.830442756257474, 4, 24, 5.25, 1, 0, 2, 0, 0, 0, 0, 0, 0, 0, 0, 0, 1, 1, 1, 1, 0, 0
18.65433756660411, 17, 100, 4.9411764705882355, 1, 0, 7, 0, 0, 0, 0, 0, 0, 0, 0, 2, 5, 0, 3, 0, 0, 1
24.95084093537832, 9, 63, 6.111111111111111, 2, 0, 1, 0, 0, 1, 0, 0, 0, 0, 0, 3, 3, 0, 1, 0, 0, 1
23.040867129515224, 32, 168, 4.28125, 2, 2, 17, 0, 0, 0, 0, 0, 0, 0, 0, 6, 5, 2, 2, 0, 0, 1
11.843019454665042, 4, 18, 3.75, 1, 0, 3, 0, 0, 0, 0, 0, 0, 0, 0, 0, 1, 1, 0, 0, 0, 1
17.35108892606744, 14, 77, 4.571428571428571, 2, 0, 7, 0, 0, 0, 0, 0, 0, 0, 0, 4, 4, 0, 0, 0, 0, 1
17.622586427204443, 19, 107, 4.684210526315789, 2, 1, 9, 0, 0, 0, 0, 0, 0, 0, 0, 3, 5, 1, 2, 0, 0, 1
13.692358174500248, 5, 29, 5.0, 1, 1, 2, 0, 0, 1, 0, 0, 0, 0, 0, 0, 1, 0, 2, 0, 0, 0
17.79250314407771, 9, 49, 4.555555555555555, 2, 0, 3, 0, 0, 0, 0, 0, 0, 0, 0, 2, 2, 0, 1, 0, 0, 1
12.21437013355342, 5, 28, 4.8, 1, 0, 2, 0, 0, 0, 0, 0, 0, 0, 0, 0, 3, 0, 0, 0, 0, 0
19.56310910641104, 19, 99, 4.2631578947368425, 2, 0, 7, 0, 1, 0, 0, 0, 0, 0, 0, 7, 3, 2, 0, 1, 0, 1
14.626052165089154, 17, 86, 4.117647058823529, 2, 1, 7, 0, 0, 0, 0, 0, 0, 0, 0, 4, 4, 1, 2, 0, 0, 1
11.773481876752747, 6, 37, 5.333333333333333, 1, 0, 3, 0, 0, 0, 0, 0, 0, 0, 0, 0, 2, 0, 1, 0, 0, 0
17.581927304572563, 11, 54, 4.0, 2, 0, 3, 0, 0, 0, 0, 0, 0, 0, 0, 3, 5, 0, 0, 0, 0, 1
8.837883805271801, 6, 30, 4.166666666666667, 1, 0, 2, 0, 0, 0, 0, 0, 0, 0, 0, 2, 0, 1, 0, 0, 0, 0
15.903370600997425, 21, 103, 3.9523809523809526, 2, 0, 11, 0, 0, 0, 0, 0, 0, 0, 0, 5, 4, 1, 1, 0, 0, 1
21.271523453588898, 12, 52, 3.4166666666666665, 3, 0, 5, 0, 0, 0, 0, 0, 0, 0, 0, 3, 3, 1, 0, 0, 0, 0
6.2680833176124935, 1, 3, 3.0, 1, 0, 0, 0, 0, 0, 0, 0, 0, 0, 0, 1, 0, 0, 0, 0, 0, 0
21.629438736429268, 14, 69, 4.0, 2, 0, 5, 0, 0, 0, 0, 0, 0, 0, 0, 3, 3, 1, 0, 0, 0, 1
14.613476641097908, 17, 83, 3.9411764705882355, 2, 1, 8, 0, 0, 0, 0, 0, 0, 0, 0, 3, 4, 2, 1, 0, 0, 1
10.926728722790887, 2, 18, 8.5, 1, 0, 0, 0, 0, 0, 0, 0, 0, 0, 0, 1, 1, 0, 0, 0, 0, 0
13.679656907327905, 10, 61, 5.2, 2, 0, 5, 0, 0, 0, 0, 0, 0, 0, 0, 2, 3, 0, 2, 0, 0, 1
7.123962018806779, 4, 17, 3.5, 1, 0, 2, 0, 0, 0, 0, 0, 0, 0, 0, 0, 1, 0, 0, 0, 0, 0
6.2680833176124935, 1, 6, 6.0, 1, 0, 0, 0, 0, 0, 0, 0, 0, 0, 0, 1, 0, 0, 0, 0, 0, 0
17.911562548388602, 28, 167, 5.0, 2, 0, 12, 0, 0, 0, 0, 0, 0, 0, 0, 9, 5, 2, 1, 0, 0, 1
15.909430691066255, 19, 114, 5.052631578947368, 1, 1, 9, 0, 0, 0, 0, 0, 0, 0, 0, 5, 4, 1, 0, 0, 0, 1
21.757091941928664, 20, 128, 5.45, 1, 0, 7, 0, 0, 1, 0, 0, 0, 0, 0, 9, 2, 2, 0, 0, 0, 0
16.89286912478149, 19, 100, 4.315789473684211, 2, 0, 7, 0, 0, 0, 0, 0, 0, 0, 0, 6, 7, 0, 0, 0, 0, 1
13.678251288717325, 12, 76, 5.416666666666667, 1, 0, 6, 0, 0, 0, 0, 0, 0, 0, 0, 3, 2, 1, 1, 0, 0, 1
14.09909211689774, 28, 168, 5.035714285714286, 2, 0, 11, 0, 0, 1, 0, 0, 0, 0, 0, 7, 6, 1, 4, 0, 0, 1
12.536166635224987, 2, 11, 5.0, 1, 0, 1, 0, 0, 0, 0, 0, 0, 0, 0, 1, 0, 0, 0, 0, 0, 0
5.461087789590423, 7, 34, 4.0, 1, 1, 4, 0, 0, 0, 0, 0, 0, 0, 0, 0, 3, 0, 0, 0, 0, 1
19.489558317088644, 16, 95, 5.0, 2, 0, 4, 0, 0, 0, 0, 0, 0, 0, 0, 4, 4, 4, 1, 0, 0, 1
6.849779204550016, 2, 10, 4.5, 1, 0, 0, 0, 0, 0, 0, 0, 0, 0, 0, 1, 0, 1, 0, 0, 0, 0
17.34434770348147, 41, 235, 4.7560975609756095, 2, 1, 20, 0, 0, 1, 0, 0, 0, 0, 1, 11, 6, 3, 3, 0, 0, 1
11.703930487457127, 18, 105, 4.888888888888889, 1, 1, 7, 0, 0, 0, 0, 0, 0, 0, 0, 6, 1, 4, 0, 0, 0, 0
17.94738957351983, 27, 136, 4.074074074074074, 2, 1, 14, 0, 0, 0, 0, 0, 0, 0, 0, 7, 6, 0, 0, 0, 0, 1
12.536166635224987, 3, 10, 2.6666666666666665, 2, 0, 1, 0, 0, 0, 0, 0, 0, 1, 0, 1, 0, 0, 0, 0, 0, 0
12.536166635224987, 2, 7, 3.0, 2, 0, 0, 0, 0, 0, 0, 0, 0, 1, 0, 1, 0, 0, 0, 0, 0, 0
21.55812154262599, 10, 72, 6.3, 2, 0, 1, 0, 0, 0, 0, 0, 0, 0, 0, 3, 3, 1, 2, 0, 0, 1
12.79571008221649, 17, 97, 4.764705882352941, 1, 0, 7, 0, 0, 0, 0, 0, 0, 0, 0, 5, 4, 1, 0, 0, 0, 1
11.825573514568637, 8, 49, 5.25, 1, 0, 4, 0, 0, 0, 0, 0, 0, 0, 0, 4, 1, 0, 1, 0, 0, 0
6.2680833176124935, 3, 12, 3.3333333333333335, 1, 0, 2, 0, 0, 0, 0, 0, 0, 0, 0, 0, 1, 0, 1, 0, 0, 0
24.498827169877277, 9, 41, 3.6666666666666665, 3, 0, 5, 0, 0, 0, 0, 0, 0, 0, 0, 3, 1, 0, 2, 0, 0, 1
15.923293200590662, 9, 52, 4.888888888888889, 1, 0, 5, 0, 0, 0, 0, 0, 0, 0, 0, 0, 5, 0, 0, 0, 0, 1
22.19131375399637, 11, 65, 5.0, 2, 0, 4, 0, 0, 0, 0, 0, 0, 0, 0, 5, 2, 1, 0, 0, 0, 1
9.066483320425885, 17, 101, 5.0, 1, 1, 8, 0, 0, 0, 0, 0, 0, 0, 0, 3, 3, 2, 1, 0, 1, 1
22.24986059390109, 16, 86, 4.4375, 2, 0, 7, 0, 0, 0, 0, 0, 0, 0, 0, 4, 3, 2, 2, 0, 0, 1
22.068550504993418, 16, 103, 5.5, 2, 0, 4, 0, 0, 0, 0, 0, 0, 1, 0, 5, 3, 0, 2, 0, 0, 1
6.280585526690556, 23, 133, 4.826086956521739, 1, 0, 8, 0, 1, 0, 0, 0, 0, 0, 0, 8, 4, 0, 1, 0, 0, 1
12.392431685127583, 3, 16, 4.666666666666667, 1, 0, 0, 0, 0, 0, 0, 0, 0, 0, 0, 3, 0, 0, 0, 0, 0, 0
11.764439693071532, 10, 40, 3.1, 2, 0, 5, 0, 0, 0, 0, 0, 0, 0, 0, 3, 1, 2, 0, 0, 0, 0
8.399522302630547, 22, 122, 4.590909090909091, 1, 0, 10, 0, 0, 0, 0, 0, 0, 0, 0, 5, 4, 1, 2, 0, 0, 1
15.951304323086788, 26, 128, 3.9615384615384617, 2, 1, 15, 0, 0, 0, 0, 0, 0, 0, 0, 6, 4, 1, 2, 0, 0, 1
12.768410649530438, 9, 48, 4.444444444444445, 1, 1, 6, 0, 0, 0, 0, 0, 0, 0, 0, 2, 1, 0, 1, 0, 0, 0
6.228440824851472, 5, 27, 4.6, 1, 0, 2, 0, 0, 0, 0, 0, 0, 0, 0, 2, 1, 0, 0, 0, 0, 0
11.108366459906762, 22, 110, 4.045454545454546, 1, 1, 12, 0, 0, 1, 0, 0, 0, 0, 0, 2, 6, 0, 0, 0, 0, 1
11.095675717569508, 20, 107, 4.4, 2, 0, 8, 0, 0, 0, 0, 0, 0, 0, 0, 4, 4, 1, 4, 0, 0, 1
4.355005777201577, 4, 25, 5.5, 1, 0, 2, 0, 0, 0, 0, 0, 0, 0, 0, 1, 1, 0, 0, 0, 0, 1
18.100224212264596, 14, 73, 4.285714285714286, 2, 0, 8, 0, 0, 0, 0, 0, 0, 0, 0, 2, 4, 0, 1, 0, 0, 1
13.092550163155398, 18, 90, 4.055555555555555, 2, 1, 10, 0, 1, 0, 0, 0, 0, 0, 0, 2, 4, 1, 4, 0, 0, 1
20.409205793217126, 17, 99, 4.882352941176471, 1, 0, 9, 0, 0, 0, 0, 0, 0, 0, 0, 3, 4, 1, 2, 0, 0, 0
20.14303841113526, 26, 132, 4.115384615384615, 2, 0, 13, 0, 1, 1, 0, 0, 0, 0, 0, 6, 5, 1, 0, 0, 0, 1
9.80570956291136, 14, 64, 3.642857142857143, 1, 1, 6, 0, 0, 0, 0, 0, 0, 0, 0, 3, 4, 1, 0, 0, 0, 1
17.947292061149238, 8, 48, 5.125, 3, 0, 3, 0, 0, 0, 0, 0, 0, 0, 0, 3, 3, 0, 0, 0, 0, 1
10.188516192777241, 11, 62, 4.7272727272727275, 1, 0, 4, 0, 0, 0, 0, 0, 0, 0, 0, 4, 2, 0, 0, 0, 0, 1
20.704340769520797, 26, 144, 4.576923076923077, 3, 0, 13, 0, 1, 0, 0, 0, 0, 0, 1, 8, 4, 0, 1, 0, 0, 1
16.641823992559328, 25, 142, 4.72, 1, 1, 10, 0, 0, 0, 0, 0, 0, 0, 0, 8, 4, 0, 2, 0, 0, 1
11.918736061739065, 12, 67, 4.666666666666667, 2, 0, 6, 0, 0, 0, 0, 0, 0, 1, 0, 3, 2, 2, 0, 0, 0, 1
3.4648645517723082, 21, 114, 4.476190476190476, 1, 0, 12, 0, 0, 0, 0, 0, 0, 0, 0, 3, 5, 1, 1, 0, 0, 1
14.857923006027963, 29, 164, 4.689655172413793, 1, 0, 15, 0, 0, 0, 0, 0, 0, 0, 0, 4, 5, 3, 3, 0, 0, 1
11.965949776080308, 29, 164, 4.689655172413793, 1, 0, 10, 0, 0, 0, 0, 0, 0, 0, 0, 10, 4, 2, 2, 0, 0, 1
16.05791508310691, 13, 81, 5.3076923076923075, 2, 0, 7, 0, 0, 0, 0, 0, 0, 0, 0, 1, 4, 0, 3, 0, 0, 1
15.468301702451502, 42, 228, 4.4523809523809526, 1, 0, 23, 0, 0, 0, 0, 0, 0, 0, 0, 9, 7, 2, 3, 0, 0, 1
20.483460502944038, 20, 120, 5.05, 1, 1, 10, 0, 0, 0, 0, 0, 0, 0, 0, 5, 4, 2, 1, 0, 0, 1
16.96190956483415, 13, 78, 5.076923076923077, 1, 0, 5, 0, 0, 0, 0, 0, 0, 0, 0, 2, 1, 3, 0, 0, 0, 1
17.51266108379586, 20, 114, 4.75, 3, 0, 9, 0, 1, 0, 0, 0, 0, 1, 0, 3, 5, 0, 0, 0, 0, 1
16.818247871599997, 13, 69, 4.384615384615385, 2, 0, 7, 0, 0, 0, 0, 0, 0, 0, 0, 1, 5, 1, 1, 0, 0, 1
15.743571334742901, 26, 146, 4.653846153846154, 2, 0, 13, 0, 0, 0, 0, 0, 0, 0, 0, 3, 9, 2, 2, 0, 0, 1
20.58358466229127, 17, 120, 6.117647058823529, 1, 0, 8, 0, 0, 0, 0, 0, 0, 0, 0, 4, 2, 4, 1, 0, 0, 1
11.784445215501266, 4, 32, 7.25, 1, 0, 2, 0, 0, 0, 0, 0, 0, 0, 0, 0, 1, 1, 0, 0, 0, 1
12.719725683159666, 14, 76, 4.5, 2, 0, 7, 0, 0, 0, 0, 0, 0, 0, 0, 3, 2, 2, 2, 0, 0, 1
13.294269495438153, 11, 62, 4.7272727272727275, 1, 0, 6, 0, 0, 0, 0, 0, 0, 0, 0, 2, 3, 2, 1, 0, 0, 1
18.343694109314686, 28, 138, 3.9642857142857144, 2, 0, 17, 0, 0, 0, 0, 0, 0, 0, 0, 7, 6, 1, 0, 0, 0, 1
11.119581117993668, 16, 89, 4.625, 1, 1, 8, 0, 0, 0, 0, 0, 0, 0, 0, 3, 3, 2, 2, 0, 0, 1
12.504353900441835, 7, 30, 3.4285714285714284, 1, 1, 5, 0, 0, 0, 0, 0, 0, 0, 0, 1, 1, 1, 1, 0, 1, 0
16.047645059253377, 23, 125, 4.478260869565218, 1, 0, 14, 0, 0, 0, 0, 0, 0, 0, 0, 2, 7, 0, 1, 0, 0, 1
12.169038259757647, 17, 100, 4.9411764705882355, 2, 0, 8, 0, 0, 0, 0, 0, 0, 0, 0, 2, 4, 4, 1, 0, 0, 1
17.55159542102209, 12, 77, 5.5, 2, 0, 4, 0, 0, 1, 0, 0, 0, 0, 0, 2, 3, 3, 0, 0, 0, 1
19.348131325526136, 28, 168, 5.035714285714286, 1, 0, 13, 0, 0, 0, 0, 0, 0, 1, 1, 6, 5, 3, 1, 0, 0, 1
11.32039930040207, 21, 97, 3.6666666666666665, 1, 0, 15, 0, 0, 1, 0, 0, 0, 0, 0, 3, 4, 0, 2, 0, 0, 1
7.494858071288518, 14, 66, 3.7857142857142856, 1, 0, 7, 0, 0, 0, 0, 0, 0, 0, 0, 5, 2, 1, 0, 0, 0, 1
5.473559449408089, 19, 94, 4.0, 1, 0, 11, 0, 0, 0, 0, 0, 0, 0, 0, 1, 4, 2, 3, 0, 0, 1
13.909803562552153, 23, 122, 4.3478260869565215, 1, 0, 12, 0, 0, 0, 0, 0, 0, 0, 0, 4, 5, 3, 0, 0, 0, 1
20.86754842515706, 24, 142, 4.958333333333333, 2, 0, 13, 0, 0, 0, 0, 0, 0, 1, 0, 7, 4, 1, 0, 0, 0, 1
22.37479023208691, 17, 119, 6.0588235294117645, 2, 1, 7, 0, 0, 0, 0, 0, 0, 0, 0, 4, 4, 0, 2, 0, 0, 1
18.39387883631354, 12, 73, 5.166666666666667, 2, 0, 5, 0, 0, 0, 0, 0, 0, 0, 0, 4, 2, 1, 0, 0, 0, 1
11.048063129798924, 6, 32, 4.5, 1, 0, 2, 0, 0, 0, 0, 0, 0, 0, 0, 1, 3, 0, 0, 0, 0, 0
12.608314511669, 11, 62, 4.7272727272727275, 1, 1, 6, 0, 0, 0, 0, 0, 0, 0, 0, 3, 2, 0, 0, 0, 0, 1
11.889265174311896, 9, 58, 5.555555555555555, 1, 0, 5, 0, 0, 1, 0, 0, 0, 0, 0, 3, 1, 1, 0, 0, 0, 1
11.163515754956036, 10, 62, 5.3, 1, 0, 3, 0, 0, 0, 0, 0, 0, 0, 0, 2, 2, 1, 1, 0, 0, 1
16.237413885233575, 5, 38, 6.8, 1, 0, 2, 0, 0, 0, 0, 0, 0, 1, 0, 1, 1, 2, 0, 0, 0, 1
7.2682373729729886, 24, 135, 4.666666666666667, 1, 0, 13, 0, 0, 0, 0, 0, 0, 1, 0, 5, 4, 1, 2, 0, 0, 1
12.567829264919212, 27, 134, 4.0, 1, 0, 16, 0, 0, 0, 0, 0, 0, 0, 0, 5, 5, 0, 3, 0, 0, 1
24.22089038868607, 40, 204, 4.125, 1, 1, 24, 0, 0, 0, 0, 0, 0, 0, 0, 7, 8, 3, 2, 0, 1, 1
10.0822720254254, 18, 94, 4.277777777777778, 1, 0, 9, 0, 0, 0, 0, 0, 0, 0, 0, 6, 3, 1, 0, 0, 0, 1
24.897685560413688, 17, 111, 5.588235294117647, 2, 0, 6, 0, 0, 0, 0, 0, 0, 0, 0, 5, 4, 0, 4, 0, 0, 1
22.876180345958492, 19, 118, 5.2631578947368425, 4, 0, 8, 0, 0, 0, 0, 0, 0, 0, 0, 6, 3, 0, 1, 0, 0, 1
23.943531598354195, 13, 76, 4.923076923076923, 2, 0, 3, 0, 1, 0, 0, 0, 0, 0, 0, 3, 3, 3, 1, 0, 0, 1
10.506064973337537, 32, 169, 4.3125, 3, 0, 14, 0, 0, 1, 0, 0, 0, 0, 0, 9, 3, 5, 1, 0, 0, 1
11.541371754897341, 14, 84, 5.071428571428571, 1, 0, 7, 0, 0, 0, 0, 0, 0, 0, 0, 2, 2, 0, 4, 0, 0, 1
17.66987876378467, 17, 73, 3.3529411764705883, 3, 0, 8, 0, 0, 0, 0, 0, 0, 0, 0, 3, 3, 2, 0, 0, 0, 0
23.957236154943075, 32, 163, 4.125, 3, 1, 17, 0, 0, 0, 0, 0, 0, 1, 0, 6, 6, 2, 3, 0, 0, 1
10.00239635341456, 19, 115, 5.105263157894737, 2, 0, 5, 0, 0, 0, 0, 0, 0, 0, 1, 6, 2, 4, 1, 0, 0, 1
19.052692797978416, 12, 72, 5.083333333333333, 2, 1, 4, 0, 0, 0, 0, 0, 0, 1, 0, 3, 2, 2, 0, 0, 0, 1
9.803801303967221, 10, 48, 3.9, 2, 0, 5, 0, 0, 0, 0, 0, 0, 0, 0, 1, 3, 0, 1, 0, 0, 1
19.71514924004983, 17, 103, 5.117647058823529, 1, 0, 11, 0, 0, 0, 0, 0, 0, 0, 0, 2, 3, 1, 2, 0, 0, 1
11.164827649920714, 30, 167, 4.6, 1, 0, 16, 0, 1, 0, 0, 0, 0, 0, 0, 8, 6, 1, 2, 0, 0, 1
7.443176931931807, 16, 89, 4.625, 1, 1, 6, 0, 0, 0, 0, 0, 0, 0, 1, 4, 1, 2, 2, 1, 0, 1
17.86077142427698, 27, 146, 4.444444444444445, 2, 0, 11, 0, 0, 0, 0, 0, 0, 0, 0, 6, 4, 3, 4, 0, 0, 1
24.181895810193026, 13, 83, 5.461538461538462, 2, 0, 4, 0, 0, 0, 0, 0, 0, 0, 0, 5, 4, 1, 1, 0, 0, 1
11.422484456075223, 12, 62, 4.25, 1, 0, 6, 0, 0, 0, 0, 0, 0, 0, 0, 3, 3, 0, 0, 0, 0, 0
18.965311620645956, 9, 62, 6.0, 1, 1, 5, 0, 0, 0, 0, 0, 0, 0, 0, 1, 3, 0, 3, 0, 0, 1
23.691818001526258, 8, 45, 4.75, 2, 0, 2, 0, 0, 0, 0, 0, 0, 0, 0, 5, 1, 0, 0, 0, 0, 1
11.691679104260224, 10, 50, 4.1, 1, 0, 5, 0, 0, 0, 0, 0, 0, 0, 0, 1, 1, 2, 2, 0, 0, 0
8.983909965956878, 6, 32, 4.5, 1, 0, 3, 0, 0, 0, 0, 0, 0, 0, 0, 0, 3, 0, 1, 0, 0, 0
3.9728538283888235, 7, 33, 3.857142857142857, 1, 0, 3, 0, 0, 0, 0, 0, 0, 0, 0, 2, 2, 0, 0, 0, 0, 0
7.007155345923109, 4, 25, 5.5, 1, 0, 2, 0, 0, 0, 0, 0, 0, 0, 0, 1, 1, 0, 0, 0, 0, 0
19.397927735697046, 14, 87, 5.285714285714286, 1, 1, 6, 0, 0, 0, 0, 0, 0, 1, 0, 5, 2, 2, 0, 0, 0, 1
17.784304352709547, 16, 105, 5.625, 1, 0, 6, 0, 0, 0, 0, 0, 0, 0, 0, 2, 5, 2, 2, 0, 0, 1
12.515611918383415, 13, 64, 4.0, 1, 0, 7, 0, 0, 0, 0, 0, 0, 0, 0, 3, 5, 0, 0, 0, 0, 0
16.02049643693405, 18, 104, 4.833333333333333, 2, 0, 8, 0, 1, 0, 0, 0, 0, 0, 0, 5, 2, 1, 2, 0, 0, 1
6.9990284344246545, 7, 26, 2.857142857142857, 1, 0, 5, 0, 0, 0, 0, 0, 0, 0, 0, 2, 1, 0, 0, 0, 0, 1
17.950059426539852, 27, 147, 4.481481481481482, 1, 1, 17, 0, 0, 0, 0, 0, 0, 0, 0, 2, 7, 1, 2, 0, 0, 1
10.12241046257439, 25, 130, 4.24, 1, 0, 12, 0, 0, 0, 0, 0, 0, 0, 0, 7, 4, 2, 1, 0, 0, 1
19.177589220242158, 11, 52, 3.8181818181818183, 2, 0, 5, 0, 0, 0, 0, 0, 0, 0, 0, 4, 2, 0, 0, 0, 0, 1
7.300533328150996, 13, 71, 4.538461538461538, 1, 0, 5, 0, 0, 0, 0, 0, 0, 0, 0, 2, 4, 0, 2, 0, 0, 0
12.842849566210065, 28, 147, 4.285714285714286, 1, 0, 14, 0, 0, 0, 0, 0, 0, 0, 0, 6, 6, 1, 2, 0, 0, 1
22.322922724194573, 15, 81, 4.466666666666667, 3, 0, 6, 0, 0, 0, 0, 0, 0, 0, 0, 4, 5, 0, 1, 0, 0, 0
10.369225062828658, 7, 44, 5.428571428571429, 1, 0, 3, 0, 0, 0, 0, 0, 0, 0, 0, 2, 1, 0, 1, 0, 0, 0
19.305074798344208, 34, 185, 4.470588235294118, 2, 0, 19, 0, 1, 1, 0, 0, 0, 0, 0, 6, 8, 1, 0, 0, 0, 1
18.32609106516029, 27, 140, 4.222222222222222, 1, 0, 12, 0, 0, 0, 0, 0, 0, 0, 0, 6, 6, 2, 2, 0, 0, 1
20.646445172421398, 24, 135, 4.666666666666667, 1, 0, 14, 0, 0, 0, 0, 0, 0, 0, 0, 5, 4, 1, 0, 0, 0, 1
21.32654481280683, 32, 207, 5.5, 1, 1, 15, 0, 0, 0, 0, 0, 0, 0, 0, 9, 6, 2, 2, 0, 0, 1
17.178102676661638, 17, 92, 4.470588235294118, 2, 0, 9, 0, 0, 1, 0, 0, 0, 0, 0, 1, 5, 0, 3, 1, 0, 1
18.776364856326673, 26, 126, 3.8846153846153846, 1, 0, 12, 0, 0, 0, 0, 0, 0, 0, 0, 5, 5, 4, 2, 0, 0, 1
21.285134803831617, 32, 186, 4.84375, 1, 0, 15, 0, 0, 0, 0, 0, 0, 0, 0, 6, 6, 3, 2, 0, 0, 1
18.00650853216787, 22, 132, 5.045454545454546, 2, 0, 9, 0, 0, 0, 0, 0, 0, 0, 0, 5, 5, 2, 2, 0, 0, 1
12.69119732486996, 7, 35, 4.142857142857143, 2, 0, 4, 0, 0, 0, 0, 0, 0, 0, 0, 0, 2, 0, 2, 0, 0, 1
20.8146725077562, 19, 126, 5.684210526315789, 1, 2, 8, 0, 0, 0, 0, 0, 0, 0, 0, 5, 3, 2, 2, 0, 0, 1
23.702504001080058, 34, 183, 4.411764705882353, 3, 0, 15, 0, 0, 0, 0, 0, 0, 0, 0, 14, 2, 2, 1, 0, 0, 0
20.80958068580481, 37, 219, 4.945945945945946, 1, 1, 18, 0, 0, 0, 0, 0, 0, 1, 0, 7, 6, 3, 2, 0, 0, 1
14.384353586857904, 19, 114, 5.052631578947368, 1, 0, 13, 0, 0, 0, 0, 0, 0, 0, 0, 2, 3, 1, 0, 1, 0, 1
23.478706025014176, 19, 103, 4.473684210526316, 2, 0, 8, 0, 0, 1, 0, 0, 0, 0, 0, 5, 5, 1, 1, 0, 0, 1
11.603036985925293, 13, 72, 4.615384615384615, 1, 1, 7, 0, 0, 0, 0, 0, 0, 0, 0, 1, 2, 2, 1, 0, 0, 1
15.389789786022426, 7, 39, 4.714285714285714, 2, 0, 2, 0, 0, 0, 0, 0, 0, 0, 0, 2, 1, 0, 2, 0, 0, 1
19.27757479341783, 7, 33, 3.857142857142857, 2, 0, 2, 0, 0, 0, 0, 0, 0, 0, 0, 1, 2, 1, 1, 0, 0, 0
13.954921675279468, 8, 40, 4.125, 1, 0, 3, 0, 0, 0, 0, 0, 0, 0, 0, 3, 2, 0, 0, 0, 0, 1
24.478506249806223, 18, 89, 4.0, 3, 0, 8, 0, 0, 0, 0, 0, 1, 0, 0, 6, 4, 0, 0, 0, 0, 1
6.2680833176124935, 1, 9, 9.0, 1, 0, 0, 0, 0, 0, 0, 0, 0, 0, 0, 1, 0, 0, 0, 0, 0, 0
19.526334873372587, 26, 158, 5.115384615384615, 1, 1, 10, 0, 0, 1, 0, 0, 0, 1, 0, 8, 4, 2, 2, 0, 0, 1
14.090415107608344, 29, 159, 4.517241379310345, 2, 0, 12, 0, 0, 0, 0, 0, 1, 0, 0, 7, 6, 2, 1, 0, 1, 1
11.762786581208726, 4, 20, 4.25, 1, 0, 0, 0, 0, 0, 0, 0, 0, 0, 0, 4, 0, 0, 0, 0, 0, 0
9.48509184599873, 8, 47, 5.0, 2, 0, 4, 0, 0, 0, 0, 0, 0, 0, 0, 1, 2, 1, 1, 0, 0, 1
18.80424995283748, 3, 16, 4.666666666666667, 3, 0, 0, 0, 0, 0, 0, 0, 0, 0, 0, 3, 0, 0, 0, 0, 0, 0
17.76383598431912, 25, 109, 3.4, 2, 2, 18, 0, 0, 1, 0, 0, 0, 0, 0, 2, 4, 2, 2, 0, 1, 0
9.672987850962086, 13, 55, 3.3076923076923075, 1, 1, 7, 0, 0, 0, 0, 0, 0, 0, 0, 2, 3, 2, 0, 0, 0, 1
14.268914424158105, 26, 112, 3.423076923076923, 2, 1, 19, 0, 0, 0, 0, 0, 0, 0, 0, 2, 4, 2, 6, 0, 0, 0
16.642258881472493, 18, 77, 3.3333333333333335, 3, 0, 11, 0, 0, 0, 0, 0, 0, 0, 0, 3, 4, 2, 0, 0, 0, 0
19.016352577989963, 21, 99, 3.761904761904762, 3, 0, 14, 0, 0, 0, 0, 0, 0, 0, 0, 1, 5, 0, 4, 0, 0, 0
22.5696936967133, 13, 77, 5.0, 2, 1, 5, 0, 1, 0, 0, 0, 0, 0, 0, 2, 3, 3, 1, 0, 0, 1
9.577213204970219, 11, 59, 4.454545454545454, 1, 0, 6, 0, 0, 0, 0, 0, 0, 0, 0, 3, 2, 0, 0, 0, 0, 1
11.071889060541794, 14, 79, 4.714285714285714, 2, 0, 6, 0, 0, 0, 0, 0, 0, 0, 0, 4, 3, 0, 1, 0, 0, 1
11.443122170648877, 5, 28, 4.8, 1, 0, 2, 0, 0, 0, 0, 0, 0, 0, 0, 1, 2, 0, 0, 0, 0, 0
21.540034719095804, 11, 70, 5.454545454545454, 2, 0, 5, 0, 0, 0, 0, 0, 0, 0, 0, 1, 2, 1, 2, 0, 0, 1
16.86877263820127, 4, 27, 6.0, 2, 0, 0, 0, 0, 0, 0, 0, 0, 0, 0, 2, 1, 1, 0, 0, 0, 0
16.069231068592497, 21, 112, 4.380952380952381, 2, 0, 9, 0, 1, 0, 0, 0, 0, 0, 0, 5, 5, 1, 0, 0, 0, 1
13.845910962239945, 6, 34, 4.833333333333333, 1, 1, 4, 0, 0, 0, 0, 0, 0, 0, 0, 1, 1, 1, 0, 0, 0, 1
22.443192750847924, 23, 128, 4.608695652173913, 1, 0, 8, 0, 1, 0, 0, 0, 0, 0, 0, 6, 7, 2, 2, 0, 0, 1
19.501494743216846, 9, 48, 4.444444444444445, 3, 2, 4, 0, 0, 0, 0, 0, 0, 0, 0, 3, 0, 0, 5, 0, 0, 0
8.06176880586015, 17, 92, 4.470588235294118, 2, 0, 9, 0, 0, 0, 0, 0, 0, 1, 0, 5, 4, 0, 2, 0, 0, 1
15.556516186995356, 52, 277, 4.346153846153846, 1, 0, 29, 0, 0, 4, 0, 0, 0, 0, 0, 12, 8, 3, 6, 0, 0, 1
6.2680833176124935, 1, 4, 4.0, 1, 0, 0, 0, 0, 0, 0, 0, 0, 0, 0, 1, 0, 0, 0, 0, 0, 0
23.803544060113538, 19, 101, 4.368421052631579, 3, 0, 7, 0, 0, 1, 0, 0, 0, 0, 0, 4, 5, 0, 2, 1, 0, 1
11.996920444251636, 8, 37, 3.75, 2, 0, 4, 0, 0, 0, 0, 0, 0, 0, 0, 3, 1, 0, 0, 0, 0, 1
18.686901348577173, 19, 91, 3.8421052631578947, 2, 0, 11, 0, 0, 0, 0, 0, 0, 0, 0, 6, 3, 2, 0, 0, 0, 1
19.75187136978036, 5, 22, 3.6, 3, 0, 1, 0, 0, 0, 0, 0, 0, 0, 0, 3, 0, 0, 0, 0, 0, 0
13.193785512403277, 15, 96, 5.466666666666667, 2, 0, 7, 0, 0, 0, 0, 0, 0, 0, 0, 4, 5, 0, 1, 0, 0, 1
15.536720694678955, 22, 105, 3.8181818181818183, 2, 1, 13, 0, 0, 0, 0, 0, 0, 0, 0, 4, 7, 1, 1, 0, 0, 0
18.788444929918512, 8, 49, 5.25, 2, 0, 2, 0, 1, 0, 0, 0, 0, 0, 0, 2, 2, 0, 2, 0, 0, 1
22.286282571290467, 19, 103, 4.473684210526316, 2, 0, 8, 0, 0, 0, 0, 0, 0, 0, 0, 6, 3, 1, 2, 0, 0, 1
22.723360350382, 10, 52, 4.3, 3, 0, 6, 0, 0, 0, 0, 0, 0, 0, 0, 2, 2, 0, 0, 0, 0, 1
8.36475000336815, 9, 44, 4.0, 1, 0, 4, 0, 0, 0, 0, 0, 0, 0, 0, 4, 1, 0, 0, 0, 0, 0
9.9347885505285, 14, 66, 3.7857142857142856, 1, 1, 8, 0, 0, 0, 0, 0, 0, 0, 0, 2, 4, 2, 1, 0, 0, 0
20.435619065405284, 11, 63, 4.818181818181818, 2, 0, 4, 0, 0, 0, 0, 0, 0, 0, 0, 5, 1, 0, 0, 0, 0, 0
17.628924428419126, 33, 206, 5.2727272727272725, 3, 1, 14, 0, 1, 0, 0, 0, 0, 0, 0, 7, 5, 4, 3, 0, 0, 1
6.2680833176124935, 1, 2, 2.0, 1, 0, 0, 0, 0, 0, 0, 0, 0, 0, 0, 1, 0, 0, 0, 0, 0, 0
12.302182028880747, 5, 30, 5.2, 1, 0, 3, 0, 0, 0, 0, 0, 0, 0, 0, 0, 2, 0, 1, 0, 0, 0
18.287310756850133, 6, 42, 6.166666666666667, 1, 0, 3, 0, 0, 0, 0, 0, 0, 0, 0, 0, 1, 1, 1, 0, 0, 1
19.670220611528325, 13, 79, 5.153846153846154, 3, 0, 5, 0, 0, 0, 0, 0, 0, 0, 0, 4, 2, 0, 2, 0, 0, 1
20.234281565607777, 35, 178, 4.114285714285714, 1, 1, 20, 0, 0, 0, 0, 0, 0, 0, 0, 7, 7, 3, 1, 0, 0, 1
5.082440337563996, 9, 42, 3.7777777777777777, 1, 0, 4, 0, 0, 0, 0, 0, 0, 0, 0, 4, 1, 0, 0, 0, 0, 0
16.860883698850156, 8, 37, 3.75, 2, 0, 5, 0, 1, 0, 0, 0, 0, 0, 0, 0, 4, 0, 0, 0, 0, 1
12.01935855962158, 14, 66, 3.7857142857142856, 1, 0, 8, 0, 0, 0, 0, 0, 0, 0, 0, 4, 2, 0, 0, 0, 0, 1
23.663278268385003, 14, 68, 3.9285714285714284, 3, 0, 7, 0, 0, 0, 0, 0, 0, 0, 0, 1, 4, 2, 1, 0, 0, 1
19.042729418980386, 13, 59, 3.6153846153846154, 2, 0, 7, 0, 0, 0, 0, 0, 0, 0, 0, 3, 2, 0, 1, 0, 0, 0
21.472529067552998, 19, 83, 3.4210526315789473, 2, 1, 10, 0, 0, 0, 0, 0, 0, 0, 0, 1, 4, 1, 2, 0, 0, 0
6.807691547978414, 3, 10, 2.6666666666666665, 1, 0, 2, 0, 0, 0, 0, 0, 0, 0, 0, 0, 1, 0, 0, 0, 0, 0
24.15606878316912, 23, 105, 3.608695652173913, 3, 0, 14, 0, 0, 0, 0, 0, 0, 0, 0, 5, 5, 1, 2, 0, 0, 1
14.29227436781652, 10, 54, 4.5, 2, 0, 4, 0, 0, 0, 0, 0, 0, 0, 0, 3, 2, 1, 0, 0, 0, 1
3.742546005386859, 9, 46, 4.222222222222222, 1, 0, 5, 0, 0, 0, 0, 0, 0, 0, 0, 2, 1, 0, 2, 0, 0, 0
17.824139640529804, 16, 90, 4.6875, 1, 1, 7, 0, 0, 0, 0, 0, 0, 0, 0, 6, 3, 1, 0, 0, 0, 1
2.4410789779790316, 8, 41, 4.25, 1, 1, 4, 0, 0, 0, 0, 0, 0, 0, 0, 1, 1, 0, 1, 0, 0, 1
3.1892857754209363, 8, 49, 5.25, 1, 0, 4, 0, 0, 0, 0, 0, 0, 0, 0, 2, 1, 0, 2, 0, 0, 1
20.682448436613583, 23, 105, 3.608695652173913, 2, 0, 16, 0, 0, 0, 0, 0, 0, 0, 0, 2, 6, 1, 2, 1, 0, 1
5.483311433520531, 7, 33, 3.857142857142857, 1, 0, 4, 0, 0, 0, 0, 0, 0, 0, 0, 1, 1, 1, 1, 0, 0, 0
12.055613805631083, 4, 24, 5.25, 1, 0, 1, 0, 0, 0, 0, 0, 0, 0, 0, 0, 1, 0, 2, 0, 0, 0
19.702482522328346, 21, 95, 3.5714285714285716, 2, 0, 10, 0, 0, 0, 0, 0, 0, 0, 0, 3, 5, 1, 2, 0, 0, 1
15.867080249172055, 21, 90, 3.3333333333333335, 2, 0, 15, 0, 0, 0, 0, 0, 0, 0, 0, 3, 5, 0, 1, 0, 0, 1
12.1609629025786, 10, 42, 3.3, 1, 0, 5, 0, 0, 0, 0, 0, 0, 0, 0, 3, 2, 1, 0, 0, 0, 1
13.74247880699598, 28, 157, 4.642857142857143, 1, 0, 13, 0, 0, 1, 0, 0, 0, 0, 0, 4, 5, 3, 3, 0, 0, 1
9.870161831281255, 30, 153, 4.133333333333334, 2, 0, 18, 0, 0, 0, 0, 0, 0, 0, 0, 7, 6, 2, 3, 0, 0, 1
7.734167497777189, 17, 81, 3.823529411764706, 1, 0, 10, 0, 0, 0, 0, 0, 0, 0, 0, 1, 3, 1, 2, 0, 0, 1
18.839917261203944, 13, 78, 5.076923076923077, 2, 0, 4, 0, 0, 0, 0, 0, 0, 0, 0, 6, 2, 1, 0, 0, 0, 1
18.69221073355021, 4, 67, 4.5, 1, 0, 0, 0, 0, 0, 0, 0, 1, 1, 0, 2, 0, 0, 0, 0, 0, 0
15.201735213099461, 8, 49, 5.25, 1, 1, 3, 0, 0, 0, 0, 0, 0, 0, 0, 3, 1, 0, 1, 0, 0, 1
4.873654690372479, 10, 51, 4.2, 1, 0, 5, 0, 0, 0, 0, 0, 0, 0, 0, 1, 5, 0, 0, 0, 0, 1
7.550509788219043, 5, 27, 4.6, 1, 0, 2, 0, 0, 0, 0, 0, 0, 0, 0, 1, 0, 1, 1, 0, 0, 0
10.750617192720119, 3, 20, 6.0, 1, 0, 1, 0, 0, 0, 0, 0, 0, 0, 0, 1, 0, 1, 1, 0, 0, 0
7.218932103327287, 31, 161, 4.225806451612903, 1, 0, 15, 0, 0, 0, 0, 0, 0, 0, 0, 9, 4, 2, 1, 0, 0, 1
16.819820491920822, 20, 104, 4.25, 2, 0, 10, 0, 0, 0, 0, 0, 0, 0, 0, 4, 3, 1, 1, 0, 0, 1
5.911268151161349, 5, 20, 3.2, 1, 1, 3, 0, 0, 0, 0, 0, 0, 0, 0, 1, 1, 0, 0, 0, 0, 0
23.336305769823753, 25, 136, 4.48, 2, 0, 12, 0, 0, 0, 0, 0, 0, 0, 0, 8, 2, 2, 0, 0, 0, 1
6.352240672449827, 2, 14, 6.5, 1, 0, 0, 0, 0, 0, 0, 0, 0, 0, 0, 0, 1, 0, 0, 0, 0, 0
12.169655576328465, 12, 57, 3.8333333333333335, 1, 0, 6, 0, 0, 0, 0, 0, 0, 0, 0, 1, 3, 1, 2, 0, 0, 1
12.536166635224987, 3, 10, 2.6666666666666665, 2, 0, 2, 0, 0, 0, 0, 0, 0, 0, 0, 1, 0, 0, 1, 0, 0, 0
6.2680833176124935, 2, 11, 5.0, 1, 0, 1, 1, 0, 0, 0, 0, 0, 0, 0, 1, 0, 0, 0, 0, 0, 0
12.09163601531523, 12, 73, 5.166666666666667, 1, 0, 5, 1, 0, 0, 0, 0, 0, 0, 0, 3, 1, 2, 1, 0, 0, 1
17.163510047679623, 9, 60, 5.777777777777778, 2, 0, 3, 0, 0, 0, 0, 0, 0, 0, 0, 3, 1, 1, 2, 1, 0, 0
12.482421185667388, 26, 149, 4.769230769230769, 1, 0, 11, 0, 0, 0, 0, 0, 0, 0, 0, 9, 3, 1, 0, 0, 0, 0
10.66352374556505, 10, 61, 5.2, 1, 0, 3, 0, 0, 0, 0, 0, 0, 0, 0, 4, 2, 1, 0, 0, 0, 0
11.880424422906971, 9, 48, 4.444444444444445, 1, 0, 3, 0, 0, 0, 0, 0, 0, 0, 0, 3, 1, 1, 1, 0, 0, 0
16.659252461245256, 15, 82, 4.533333333333333, 2, 0, 9, 0, 0, 0, 0, 0, 0, 0, 0, 2, 5, 0, 1, 0, 0, 1
13.679174687840568, 21, 114, 4.476190476190476, 2, 1, 12, 0, 0, 0, 0, 0, 0, 0, 0, 2, 6, 2, 0, 0, 0, 1
10.973426957702165, 6, 33, 4.666666666666667, 1, 0, 4, 0, 0, 0, 0, 0, 0, 0, 0, 1, 1, 0, 0, 0, 0, 0
9.0627843109407, 12, 54, 3.5833333333333335, 1, 0, 6, 0, 0, 0, 0, 0, 0, 0, 0, 3, 3, 1, 0, 0, 0, 1
13.414968301968285, 8, 57, 6.25, 1, 0, 4, 0, 0, 1, 0, 0, 0, 0, 0, 2, 2, 0, 1, 0, 0, 1
17.19395138042646, 10, 50, 4.1, 2, 0, 5, 0, 1, 1, 0, 0, 0, 0, 0, 2, 3, 1, 0, 0, 0, 1
15.787823855010345, 14, 72, 4.214285714285714, 1, 0, 5, 0, 0, 0, 0, 0, 0, 0, 0, 3, 3, 2, 1, 0, 0, 0
18.49477627724332, 19, 109, 4.7894736842105265, 1, 0, 8, 0, 0, 0, 0, 0, 0, 0, 0, 4, 6, 1, 2, 0, 0, 1
21.761250017889747, 13, 75, 4.846153846153846, 2, 0, 6, 0, 0, 0, 0, 0, 0, 0, 0, 3, 3, 0, 1, 0, 0, 1
9.379352996773605, 8, 41, 4.25, 1, 0, 4, 0, 0, 0, 0, 0, 0, 0, 0, 2, 3, 0, 0, 0, 0, 0
24.374440543804216, 12, 60, 4.083333333333333, 3, 0, 5, 0, 1, 0, 0, 0, 0, 0, 0, 3, 3, 0, 1, 0, 0, 1
5.829828361871198, 3, 13, 3.6666666666666665, 1, 0, 1, 0, 0, 0, 0, 0, 0, 0, 0, 2, 0, 0, 0, 0, 0, 0
13.221489450471237, 21, 96, 3.619047619047619, 1, 0, 10, 0, 1, 1, 0, 0, 0, 0, 0, 2, 6, 1, 1, 0, 0, 1
12.533649488923434, 27, 133, 3.962962962962963, 2, 0, 14, 0, 0, 0, 0, 0, 0, 0, 0, 4, 7, 1, 3, 0, 0, 1
10.587201927775801, 15, 67, 3.533333333333333, 1, 1, 7, 0, 0, 0, 0, 0, 0, 0, 0, 2, 4, 2, 1, 0, 0, 1
5.140584741599724, 7, 32, 3.7142857142857144, 1, 0, 5, 0, 0, 0, 0, 0, 0, 0, 0, 1, 2, 0, 0, 0, 0, 1
23.74308649006815, 16, 76, 3.8125, 2, 0, 11, 0, 0, 0, 0, 0, 0, 0, 0, 3, 3, 0, 1, 0, 0, 1
21.738479704577042, 22, 112, 4.136363636363637, 2, 0, 13, 0, 0, 0, 0, 0, 0, 0, 0, 0, 5, 3, 1, 0, 0, 1
12.188184767704662, 6, 36, 5.166666666666667, 1, 1, 4, 0, 0, 0, 0, 0, 0, 0, 0, 0, 2, 1, 1, 0, 0, 1
12.358746777929737, 17, 83, 3.9411764705882355, 2, 0, 7, 0, 0, 0, 0, 0, 0, 0, 0, 5, 3, 2, 0, 0, 0, 1
12.731205418737074, 3, 22, 6.666666666666667, 2, 0, 1, 0, 0, 0, 0, 0, 0, 0, 0, 1, 1, 0, 0, 0, 0, 0
15.720485873451636, 50, 255, 4.12, 1, 1, 26, 0, 0, 1, 0, 0, 0, 0, 0, 13, 10, 3, 2, 0, 0, 1
20.035954632922234, 31, 168, 4.451612903225806, 2, 1, 14, 0, 0, 0, 0, 0, 0, 0, 0, 8, 4, 2, 2, 0, 0, 1
7.60669529024246, 25, 117, 3.72, 1, 0, 13, 0, 0, 0, 0, 0, 0, 0, 0, 3, 6, 2, 3, 0, 0, 1
19.759132981366648, 14, 103, 6.428571428571429, 1, 0, 5, 1, 0, 0, 0, 0, 0, 0, 0, 3, 4, 0, 0, 0, 0, 0
19.278043913917827, 18, 115, 5.444444444444445, 1, 1, 7, 0, 0, 0, 0, 0, 0, 0, 0, 6, 1, 3, 1, 0, 0, 0
14.802814679051089, 6, 43, 6.333333333333333, 2, 0, 2, 0, 0, 0, 1, 0, 0, 0, 0, 3, 1, 1, 0, 0, 0, 0
20.475270410990568, 26, 132, 4.115384615384615, 1, 1, 15, 0, 0, 0, 0, 0, 0, 0, 0, 5, 5, 1, 1, 0, 0, 0
12.536166635224987, 3, 21, 6.333333333333333, 1, 0, 1, 0, 0, 0, 0, 0, 0, 0, 0, 1, 0, 0, 0, 0, 0, 0
19.122993649642662, 4, 24, 5.25, 1, 0, 0, 0, 0, 0, 0, 0, 0, 0, 0, 1, 1, 1, 0, 0, 0, 0
20.161667651869955, 15, 93, 5.266666666666667, 2, 1, 9, 0, 0, 0, 0, 0, 0, 0, 0, 4, 1, 1, 1, 0, 0, 0
12.327626247680763, 18, 95, 4.333333333333333, 1, 0, 11, 0, 0, 0, 0, 0, 0, 0, 0, 4, 3, 0, 2, 0, 0, 0
13.75466176128509, 11, 65, 5.0, 1, 1, 4, 0, 0, 0, 0, 0, 0, 0, 0, 5, 1, 2, 0, 0, 1, 0
15.896465810538682, 9, 62, 6.0, 3, 1, 4, 0, 0, 0, 0, 0, 1, 0, 0, 3, 2, 0, 0, 0, 0, 0
16.754650712305693, 25, 148, 4.88, 1, 1, 9, 0, 0, 0, 0, 1, 0, 0, 0, 6, 7, 1, 1, 0, 0, 0
21.3112457202484, 35, 194, 4.485714285714286, 3, 3, 18, 0, 0, 0, 0, 0, 0, 1, 0, 10, 5, 3, 0, 0, 0, 0
24.9990769411419, 42, 220, 4.166666666666667, 1, 1, 21, 0, 0, 0, 0, 0, 0, 0, 0, 12, 5, 2, 0, 0, 0, 0
19.30112675011601, 16, 100, 5.3125, 1, 0, 7, 0, 0, 0, 0, 0, 0, 0, 0, 3, 3, 1, 0, 0, 0, 0
24.016057828419047, 21, 120, 4.761904761904762, 1, 0, 8, 0, 0, 0, 0, 0, 0, 0, 0, 7, 3, 1, 0, 0, 0, 1
23.586637057179757, 19, 121, 5.421052631578948, 1, 0, 7, 0, 0, 0, 0, 0, 0, 0, 0, 6, 3, 3, 1, 0, 0, 0
13.123526197955282, 15, 101, 5.8, 1, 0, 8, 0, 0, 0, 0, 0, 0, 0, 0, 4, 5, 0, 2, 0, 0, 0
11.985614852141307, 16, 106, 5.6875, 1, 0, 5, 0, 0, 0, 0, 0, 0, 0, 0, 8, 3, 1, 0, 0, 0, 0
17.98992788899382, 5, 52, 9.6, 1, 0, 0, 0, 0, 0, 0, 0, 1, 0, 0, 4, 0, 0, 0, 0, 0, 0
